ERROR - 2025-02-26 10:37:49 --> mysqli_sql_exception: Unknown column 'updated_at' in 'field list' in /Applications/MAMP/htdocs/tienda_manualidades/system/Database/MySQLi/Connection.php:327
Stack trace:
#0 /Applications/MAMP/htdocs/tienda_manualidades/system/Database/MySQLi/Connection.php(327): mysqli->query('UPDATE `EVENTO`...', 0)
#1 /Applications/MAMP/htdocs/tienda_manualidades/system/Database/BaseConnection.php(738): CodeIgniter\Database\MySQLi\Connection->execute('UPDATE `EVENTO`...')
#2 /Applications/MAMP/htdocs/tienda_manualidades/system/Database/BaseConnection.php(652): CodeIgniter\Database\BaseConnection->simpleQuery('UPDATE `EVENTO`...')
#3 /Applications/MAMP/htdocs/tienda_manualidades/system/Database/BaseBuilder.php(2521): CodeIgniter\Database\BaseConnection->query('UPDATE `EVENTO`...', Array, false)
#4 /Applications/MAMP/htdocs/tienda_manualidades/system/Model.php(461): CodeIgniter\Database\BaseBuilder->update()
#5 /Applications/MAMP/htdocs/tienda_manualidades/system/BaseModel.php(1027): CodeIgniter\Model->doUpdate(Array, Array)
#6 /Applications/MAMP/htdocs/tienda_manualidades/system/Model.php(863): CodeIgniter\BaseModel->update(Array, Array)
#7 /Applications/MAMP/htdocs/tienda_manualidades/app/Controllers/EventoController.php(59): CodeIgniter\Model->update('1', Array)
#8 /Applications/MAMP/htdocs/tienda_manualidades/system/CodeIgniter.php(933): App\Controllers\EventoController->eliminarEvento()
#9 /Applications/MAMP/htdocs/tienda_manualidades/system/CodeIgniter.php(507): CodeIgniter\CodeIgniter->runController(Object(App\Controllers\EventoController))
#10 /Applications/MAMP/htdocs/tienda_manualidades/system/CodeIgniter.php(354): CodeIgniter\CodeIgniter->handleRequest(NULL, Object(Config\Cache), false)
#11 /Applications/MAMP/htdocs/tienda_manualidades/system/Boot.php(334): CodeIgniter\CodeIgniter->run()
#12 /Applications/MAMP/htdocs/tienda_manualidades/system/Boot.php(67): CodeIgniter\Boot::runCodeIgniter(Object(CodeIgniter\CodeIgniter))
#13 /Applications/MAMP/htdocs/tienda_manualidades/public/index.php(56): CodeIgniter\Boot::bootWeb(Object(Config\Paths))
#14 {main}
CRITICAL - 2025-02-26 10:37:49 --> CodeIgniter\Database\Exceptions\DatabaseException: Unknown column 'updated_at' in 'field list'
[Method: POST, Route: eventos/eliminar]
in SYSTEMPATH/Database/BaseConnection.php on line 692.
 1 SYSTEMPATH/Database/BaseBuilder.php(2521): CodeIgniter\Database\BaseConnection->query('UPDATE `EVENTO` SET `FECHA_BAJA` = :FECHA_BAJA:, `updated_at` = :updated_at:
WHERE `EVENTO`.`PK_ID_EVENTO` IN :EVENTO.PK_ID_EVENTO:', [...], false)
 2 SYSTEMPATH/Model.php(461): CodeIgniter\Database\BaseBuilder->update()
 3 SYSTEMPATH/BaseModel.php(1027): CodeIgniter\Model->doUpdate([...], [...])
 4 SYSTEMPATH/Model.php(863): CodeIgniter\BaseModel->update([...], [...])
 5 APPPATH/Controllers/EventoController.php(59): CodeIgniter\Model->update('1', [...])
 6 SYSTEMPATH/CodeIgniter.php(933): App\Controllers\EventoController->eliminarEvento()
 7 SYSTEMPATH/CodeIgniter.php(507): CodeIgniter\CodeIgniter->runController(Object(App\Controllers\EventoController))
 8 SYSTEMPATH/CodeIgniter.php(354): CodeIgniter\CodeIgniter->handleRequest(null, Object(Config\Cache), false)
 9 SYSTEMPATH/Boot.php(334): CodeIgniter\CodeIgniter->run()
10 SYSTEMPATH/Boot.php(67): CodeIgniter\Boot::runCodeIgniter(Object(CodeIgniter\CodeIgniter))
11 FCPATH/index.php(56): CodeIgniter\Boot::bootWeb(Object(Config\Paths))
CRITICAL - 2025-02-26 10:37:49 --> [Caused by] CodeIgniter\Database\Exceptions\DatabaseException: Unknown column 'updated_at' in 'field list'
in SYSTEMPATH/Database/MySQLi/Connection.php on line 332.
 1 SYSTEMPATH/Database/BaseConnection.php(738): CodeIgniter\Database\MySQLi\Connection->execute('UPDATE `EVENTO` SET `FECHA_BAJA` = \'2025-02-26 10:37:49\', `updated_at` = \'2025-02-26 10:37:49\'
WHERE `EVENTO`.`PK_ID_EVENTO` IN (\'1\')')
 2 SYSTEMPATH/Database/BaseConnection.php(652): CodeIgniter\Database\BaseConnection->simpleQuery('UPDATE `EVENTO` SET `FECHA_BAJA` = \'2025-02-26 10:37:49\', `updated_at` = \'2025-02-26 10:37:49\'
WHERE `EVENTO`.`PK_ID_EVENTO` IN (\'1\')')
 3 SYSTEMPATH/Database/BaseBuilder.php(2521): CodeIgniter\Database\BaseConnection->query('UPDATE `EVENTO` SET `FECHA_BAJA` = :FECHA_BAJA:, `updated_at` = :updated_at:
WHERE `EVENTO`.`PK_ID_EVENTO` IN :EVENTO.PK_ID_EVENTO:', [...], false)
 4 SYSTEMPATH/Model.php(461): CodeIgniter\Database\BaseBuilder->update()
 5 SYSTEMPATH/BaseModel.php(1027): CodeIgniter\Model->doUpdate([...], [...])
 6 SYSTEMPATH/Model.php(863): CodeIgniter\BaseModel->update([...], [...])
 7 APPPATH/Controllers/EventoController.php(59): CodeIgniter\Model->update('1', [...])
 8 SYSTEMPATH/CodeIgniter.php(933): App\Controllers\EventoController->eliminarEvento()
 9 SYSTEMPATH/CodeIgniter.php(507): CodeIgniter\CodeIgniter->runController(Object(App\Controllers\EventoController))
10 SYSTEMPATH/CodeIgniter.php(354): CodeIgniter\CodeIgniter->handleRequest(null, Object(Config\Cache), false)
11 SYSTEMPATH/Boot.php(334): CodeIgniter\CodeIgniter->run()
12 SYSTEMPATH/Boot.php(67): CodeIgniter\Boot::runCodeIgniter(Object(CodeIgniter\CodeIgniter))
13 FCPATH/index.php(56): CodeIgniter\Boot::bootWeb(Object(Config\Paths))
CRITICAL - 2025-02-26 10:37:49 --> [Caused by] mysqli_sql_exception: Unknown column 'updated_at' in 'field list'
in SYSTEMPATH/Database/MySQLi/Connection.php on line 327.
 1 SYSTEMPATH/Database/MySQLi/Connection.php(327): mysqli->query('UPDATE `EVENTO` SET `FECHA_BAJA` = \'2025-02-26 10:37:49\', `updated_at` = \'2025-02-26 10:37:49\'
WHERE `EVENTO`.`PK_ID_EVENTO` IN (\'1\')', 0)
 2 SYSTEMPATH/Database/BaseConnection.php(738): CodeIgniter\Database\MySQLi\Connection->execute('UPDATE `EVENTO` SET `FECHA_BAJA` = \'2025-02-26 10:37:49\', `updated_at` = \'2025-02-26 10:37:49\'
WHERE `EVENTO`.`PK_ID_EVENTO` IN (\'1\')')
 3 SYSTEMPATH/Database/BaseConnection.php(652): CodeIgniter\Database\BaseConnection->simpleQuery('UPDATE `EVENTO` SET `FECHA_BAJA` = \'2025-02-26 10:37:49\', `updated_at` = \'2025-02-26 10:37:49\'
WHERE `EVENTO`.`PK_ID_EVENTO` IN (\'1\')')
 4 SYSTEMPATH/Database/BaseBuilder.php(2521): CodeIgniter\Database\BaseConnection->query('UPDATE `EVENTO` SET `FECHA_BAJA` = :FECHA_BAJA:, `updated_at` = :updated_at:
WHERE `EVENTO`.`PK_ID_EVENTO` IN :EVENTO.PK_ID_EVENTO:', [...], false)
 5 SYSTEMPATH/Model.php(461): CodeIgniter\Database\BaseBuilder->update()
 6 SYSTEMPATH/BaseModel.php(1027): CodeIgniter\Model->doUpdate([...], [...])
 7 SYSTEMPATH/Model.php(863): CodeIgniter\BaseModel->update([...], [...])
 8 APPPATH/Controllers/EventoController.php(59): CodeIgniter\Model->update('1', [...])
 9 SYSTEMPATH/CodeIgniter.php(933): App\Controllers\EventoController->eliminarEvento()
10 SYSTEMPATH/CodeIgniter.php(507): CodeIgniter\CodeIgniter->runController(Object(App\Controllers\EventoController))
11 SYSTEMPATH/CodeIgniter.php(354): CodeIgniter\CodeIgniter->handleRequest(null, Object(Config\Cache), false)
12 SYSTEMPATH/Boot.php(334): CodeIgniter\CodeIgniter->run()
13 SYSTEMPATH/Boot.php(67): CodeIgniter\Boot::runCodeIgniter(Object(CodeIgniter\CodeIgniter))
14 FCPATH/index.php(56): CodeIgniter\Boot::bootWeb(Object(Config\Paths))
ERROR - 2025-02-26 10:38:11 --> mysqli_sql_exception: Unknown column 'created_at' in 'field list' in /Applications/MAMP/htdocs/tienda_manualidades/system/Database/MySQLi/Connection.php:327
Stack trace:
#0 /Applications/MAMP/htdocs/tienda_manualidades/system/Database/MySQLi/Connection.php(327): mysqli->query('INSERT INTO `EV...', 0)
#1 /Applications/MAMP/htdocs/tienda_manualidades/system/Database/BaseConnection.php(738): CodeIgniter\Database\MySQLi\Connection->execute('INSERT INTO `EV...')
#2 /Applications/MAMP/htdocs/tienda_manualidades/system/Database/BaseConnection.php(652): CodeIgniter\Database\BaseConnection->simpleQuery('INSERT INTO `EV...')
#3 /Applications/MAMP/htdocs/tienda_manualidades/system/Database/BaseBuilder.php(2345): CodeIgniter\Database\BaseConnection->query('INSERT INTO `EV...', Array, false)
#4 /Applications/MAMP/htdocs/tienda_manualidades/system/Model.php(394): CodeIgniter\Database\BaseBuilder->insert()
#5 /Applications/MAMP/htdocs/tienda_manualidades/system/BaseModel.php(839): CodeIgniter\Model->doInsert(Array)
#6 /Applications/MAMP/htdocs/tienda_manualidades/system/Model.php(800): CodeIgniter\BaseModel->insert(Array, true)
#7 /Applications/MAMP/htdocs/tienda_manualidades/app/Controllers/EventoController.php(48): CodeIgniter\Model->insert(Array)
#8 /Applications/MAMP/htdocs/tienda_manualidades/system/CodeIgniter.php(933): App\Controllers\EventoController->anadirEvento()
#9 /Applications/MAMP/htdocs/tienda_manualidades/system/CodeIgniter.php(507): CodeIgniter\CodeIgniter->runController(Object(App\Controllers\EventoController))
#10 /Applications/MAMP/htdocs/tienda_manualidades/system/CodeIgniter.php(354): CodeIgniter\CodeIgniter->handleRequest(NULL, Object(Config\Cache), false)
#11 /Applications/MAMP/htdocs/tienda_manualidades/system/Boot.php(334): CodeIgniter\CodeIgniter->run()
#12 /Applications/MAMP/htdocs/tienda_manualidades/system/Boot.php(67): CodeIgniter\Boot::runCodeIgniter(Object(CodeIgniter\CodeIgniter))
#13 /Applications/MAMP/htdocs/tienda_manualidades/public/index.php(56): CodeIgniter\Boot::bootWeb(Object(Config\Paths))
#14 {main}
CRITICAL - 2025-02-26 10:38:11 --> CodeIgniter\Database\Exceptions\DatabaseException: Unknown column 'created_at' in 'field list'
[Method: POST, Route: eventos/anadir]
in SYSTEMPATH/Database/BaseConnection.php on line 692.
 1 SYSTEMPATH/Database/BaseBuilder.php(2345): CodeIgniter\Database\BaseConnection->query('INSERT INTO `EVENTO` (`TITULO`, `FECHA_INICIO`, `FECHA_FINAL`, `DESCRIPCION_ES`, `DESCRIPCION_ENG`, `created_at`, `updated_at`) VALUES (:TITULO:, :FECHA_INICIO:, :FECHA_FINAL:, :DESCRIPCION_ES:, :DESCRIPCION_ENG:, :created_at:, :updated_at:)', [...], false)
 2 SYSTEMPATH/Model.php(394): CodeIgniter\Database\BaseBuilder->insert()
 3 SYSTEMPATH/BaseModel.php(839): CodeIgniter\Model->doInsert([...])
 4 SYSTEMPATH/Model.php(800): CodeIgniter\BaseModel->insert([...], true)
 5 APPPATH/Controllers/EventoController.php(48): CodeIgniter\Model->insert([...])
 6 SYSTEMPATH/CodeIgniter.php(933): App\Controllers\EventoController->anadirEvento()
 7 SYSTEMPATH/CodeIgniter.php(507): CodeIgniter\CodeIgniter->runController(Object(App\Controllers\EventoController))
 8 SYSTEMPATH/CodeIgniter.php(354): CodeIgniter\CodeIgniter->handleRequest(null, Object(Config\Cache), false)
 9 SYSTEMPATH/Boot.php(334): CodeIgniter\CodeIgniter->run()
10 SYSTEMPATH/Boot.php(67): CodeIgniter\Boot::runCodeIgniter(Object(CodeIgniter\CodeIgniter))
11 FCPATH/index.php(56): CodeIgniter\Boot::bootWeb(Object(Config\Paths))
CRITICAL - 2025-02-26 10:38:11 --> [Caused by] CodeIgniter\Database\Exceptions\DatabaseException: Unknown column 'created_at' in 'field list'
in SYSTEMPATH/Database/MySQLi/Connection.php on line 332.
 1 SYSTEMPATH/Database/BaseConnection.php(738): CodeIgniter\Database\MySQLi\Connection->execute('INSERT INTO `EVENTO` (`TITULO`, `FECHA_INICIO`, `FECHA_FINAL`, `DESCRIPCION_ES`, `DESCRIPCION_ENG`, `created_at`, `updated_at`) VALUES (\'prueba\', \'2025-02-12\', \'2025-02-13\', \'espanish\', \'english\', \'2025-02-26 10:38:11\', \'2025-02-26 10:38:11\')')
 2 SYSTEMPATH/Database/BaseConnection.php(652): CodeIgniter\Database\BaseConnection->simpleQuery('INSERT INTO `EVENTO` (`TITULO`, `FECHA_INICIO`, `FECHA_FINAL`, `DESCRIPCION_ES`, `DESCRIPCION_ENG`, `created_at`, `updated_at`) VALUES (\'prueba\', \'2025-02-12\', \'2025-02-13\', \'espanish\', \'english\', \'2025-02-26 10:38:11\', \'2025-02-26 10:38:11\')')
 3 SYSTEMPATH/Database/BaseBuilder.php(2345): CodeIgniter\Database\BaseConnection->query('INSERT INTO `EVENTO` (`TITULO`, `FECHA_INICIO`, `FECHA_FINAL`, `DESCRIPCION_ES`, `DESCRIPCION_ENG`, `created_at`, `updated_at`) VALUES (:TITULO:, :FECHA_INICIO:, :FECHA_FINAL:, :DESCRIPCION_ES:, :DESCRIPCION_ENG:, :created_at:, :updated_at:)', [...], false)
 4 SYSTEMPATH/Model.php(394): CodeIgniter\Database\BaseBuilder->insert()
 5 SYSTEMPATH/BaseModel.php(839): CodeIgniter\Model->doInsert([...])
 6 SYSTEMPATH/Model.php(800): CodeIgniter\BaseModel->insert([...], true)
 7 APPPATH/Controllers/EventoController.php(48): CodeIgniter\Model->insert([...])
 8 SYSTEMPATH/CodeIgniter.php(933): App\Controllers\EventoController->anadirEvento()
 9 SYSTEMPATH/CodeIgniter.php(507): CodeIgniter\CodeIgniter->runController(Object(App\Controllers\EventoController))
10 SYSTEMPATH/CodeIgniter.php(354): CodeIgniter\CodeIgniter->handleRequest(null, Object(Config\Cache), false)
11 SYSTEMPATH/Boot.php(334): CodeIgniter\CodeIgniter->run()
12 SYSTEMPATH/Boot.php(67): CodeIgniter\Boot::runCodeIgniter(Object(CodeIgniter\CodeIgniter))
13 FCPATH/index.php(56): CodeIgniter\Boot::bootWeb(Object(Config\Paths))
CRITICAL - 2025-02-26 10:38:11 --> [Caused by] mysqli_sql_exception: Unknown column 'created_at' in 'field list'
in SYSTEMPATH/Database/MySQLi/Connection.php on line 327.
 1 SYSTEMPATH/Database/MySQLi/Connection.php(327): mysqli->query('INSERT INTO `EVENTO` (`TITULO`, `FECHA_INICIO`, `FECHA_FINAL`, `DESCRIPCION_ES`, `DESCRIPCION_ENG`, `created_at`, `updated_at`) VALUES (\'prueba\', \'2025-02-12\', \'2025-02-13\', \'espanish\', \'english\', \'2025-02-26 10:38:11\', \'2025-02-26 10:38:11\')', 0)
 2 SYSTEMPATH/Database/BaseConnection.php(738): CodeIgniter\Database\MySQLi\Connection->execute('INSERT INTO `EVENTO` (`TITULO`, `FECHA_INICIO`, `FECHA_FINAL`, `DESCRIPCION_ES`, `DESCRIPCION_ENG`, `created_at`, `updated_at`) VALUES (\'prueba\', \'2025-02-12\', \'2025-02-13\', \'espanish\', \'english\', \'2025-02-26 10:38:11\', \'2025-02-26 10:38:11\')')
 3 SYSTEMPATH/Database/BaseConnection.php(652): CodeIgniter\Database\BaseConnection->simpleQuery('INSERT INTO `EVENTO` (`TITULO`, `FECHA_INICIO`, `FECHA_FINAL`, `DESCRIPCION_ES`, `DESCRIPCION_ENG`, `created_at`, `updated_at`) VALUES (\'prueba\', \'2025-02-12\', \'2025-02-13\', \'espanish\', \'english\', \'2025-02-26 10:38:11\', \'2025-02-26 10:38:11\')')
 4 SYSTEMPATH/Database/BaseBuilder.php(2345): CodeIgniter\Database\BaseConnection->query('INSERT INTO `EVENTO` (`TITULO`, `FECHA_INICIO`, `FECHA_FINAL`, `DESCRIPCION_ES`, `DESCRIPCION_ENG`, `created_at`, `updated_at`) VALUES (:TITULO:, :FECHA_INICIO:, :FECHA_FINAL:, :DESCRIPCION_ES:, :DESCRIPCION_ENG:, :created_at:, :updated_at:)', [...], false)
 5 SYSTEMPATH/Model.php(394): CodeIgniter\Database\BaseBuilder->insert()
 6 SYSTEMPATH/BaseModel.php(839): CodeIgniter\Model->doInsert([...])
 7 SYSTEMPATH/Model.php(800): CodeIgniter\BaseModel->insert([...], true)
 8 APPPATH/Controllers/EventoController.php(48): CodeIgniter\Model->insert([...])
 9 SYSTEMPATH/CodeIgniter.php(933): App\Controllers\EventoController->anadirEvento()
10 SYSTEMPATH/CodeIgniter.php(507): CodeIgniter\CodeIgniter->runController(Object(App\Controllers\EventoController))
11 SYSTEMPATH/CodeIgniter.php(354): CodeIgniter\CodeIgniter->handleRequest(null, Object(Config\Cache), false)
12 SYSTEMPATH/Boot.php(334): CodeIgniter\CodeIgniter->run()
13 SYSTEMPATH/Boot.php(67): CodeIgniter\Boot::runCodeIgniter(Object(CodeIgniter\CodeIgniter))
14 FCPATH/index.php(56): CodeIgniter\Boot::bootWeb(Object(Config\Paths))
ERROR - 2025-02-26 10:40:52 --> mysqli_sql_exception: Unknown column 'updated_at' in 'field list' in /Applications/MAMP/htdocs/tienda_manualidades/system/Database/MySQLi/Connection.php:327
Stack trace:
#0 /Applications/MAMP/htdocs/tienda_manualidades/system/Database/MySQLi/Connection.php(327): mysqli->query('UPDATE `EVENTO`...', 0)
#1 /Applications/MAMP/htdocs/tienda_manualidades/system/Database/BaseConnection.php(738): CodeIgniter\Database\MySQLi\Connection->execute('UPDATE `EVENTO`...')
#2 /Applications/MAMP/htdocs/tienda_manualidades/system/Database/BaseConnection.php(652): CodeIgniter\Database\BaseConnection->simpleQuery('UPDATE `EVENTO`...')
#3 /Applications/MAMP/htdocs/tienda_manualidades/system/Database/BaseBuilder.php(2521): CodeIgniter\Database\BaseConnection->query('UPDATE `EVENTO`...', Array, false)
#4 /Applications/MAMP/htdocs/tienda_manualidades/system/Model.php(461): CodeIgniter\Database\BaseBuilder->update()
#5 /Applications/MAMP/htdocs/tienda_manualidades/system/BaseModel.php(1027): CodeIgniter\Model->doUpdate(Array, Array)
#6 /Applications/MAMP/htdocs/tienda_manualidades/system/Model.php(863): CodeIgniter\BaseModel->update(Array, Array)
#7 /Applications/MAMP/htdocs/tienda_manualidades/app/Controllers/EventoController.php(59): CodeIgniter\Model->update('1', Array)
#8 /Applications/MAMP/htdocs/tienda_manualidades/system/CodeIgniter.php(933): App\Controllers\EventoController->eliminarEvento()
#9 /Applications/MAMP/htdocs/tienda_manualidades/system/CodeIgniter.php(507): CodeIgniter\CodeIgniter->runController(Object(App\Controllers\EventoController))
#10 /Applications/MAMP/htdocs/tienda_manualidades/system/CodeIgniter.php(354): CodeIgniter\CodeIgniter->handleRequest(NULL, Object(Config\Cache), false)
#11 /Applications/MAMP/htdocs/tienda_manualidades/system/Boot.php(334): CodeIgniter\CodeIgniter->run()
#12 /Applications/MAMP/htdocs/tienda_manualidades/system/Boot.php(67): CodeIgniter\Boot::runCodeIgniter(Object(CodeIgniter\CodeIgniter))
#13 /Applications/MAMP/htdocs/tienda_manualidades/public/index.php(56): CodeIgniter\Boot::bootWeb(Object(Config\Paths))
#14 {main}
CRITICAL - 2025-02-26 10:40:52 --> CodeIgniter\Database\Exceptions\DatabaseException: Unknown column 'updated_at' in 'field list'
[Method: POST, Route: eventos/eliminar]
in SYSTEMPATH/Database/BaseConnection.php on line 692.
 1 SYSTEMPATH/Database/BaseBuilder.php(2521): CodeIgniter\Database\BaseConnection->query('UPDATE `EVENTO` SET `FECHA_BAJA` = :FECHA_BAJA:, `updated_at` = :updated_at:
WHERE `EVENTO`.`PK_ID_EVENTO` IN :EVENTO.PK_ID_EVENTO:', [...], false)
 2 SYSTEMPATH/Model.php(461): CodeIgniter\Database\BaseBuilder->update()
 3 SYSTEMPATH/BaseModel.php(1027): CodeIgniter\Model->doUpdate([...], [...])
 4 SYSTEMPATH/Model.php(863): CodeIgniter\BaseModel->update([...], [...])
 5 APPPATH/Controllers/EventoController.php(59): CodeIgniter\Model->update('1', [...])
 6 SYSTEMPATH/CodeIgniter.php(933): App\Controllers\EventoController->eliminarEvento()
 7 SYSTEMPATH/CodeIgniter.php(507): CodeIgniter\CodeIgniter->runController(Object(App\Controllers\EventoController))
 8 SYSTEMPATH/CodeIgniter.php(354): CodeIgniter\CodeIgniter->handleRequest(null, Object(Config\Cache), false)
 9 SYSTEMPATH/Boot.php(334): CodeIgniter\CodeIgniter->run()
10 SYSTEMPATH/Boot.php(67): CodeIgniter\Boot::runCodeIgniter(Object(CodeIgniter\CodeIgniter))
11 FCPATH/index.php(56): CodeIgniter\Boot::bootWeb(Object(Config\Paths))
CRITICAL - 2025-02-26 10:40:52 --> [Caused by] CodeIgniter\Database\Exceptions\DatabaseException: Unknown column 'updated_at' in 'field list'
in SYSTEMPATH/Database/MySQLi/Connection.php on line 332.
 1 SYSTEMPATH/Database/BaseConnection.php(738): CodeIgniter\Database\MySQLi\Connection->execute('UPDATE `EVENTO` SET `FECHA_BAJA` = \'2025-02-26 10:40:52\', `updated_at` = \'2025-02-26 10:40:52\'
WHERE `EVENTO`.`PK_ID_EVENTO` IN (\'1\')')
 2 SYSTEMPATH/Database/BaseConnection.php(652): CodeIgniter\Database\BaseConnection->simpleQuery('UPDATE `EVENTO` SET `FECHA_BAJA` = \'2025-02-26 10:40:52\', `updated_at` = \'2025-02-26 10:40:52\'
WHERE `EVENTO`.`PK_ID_EVENTO` IN (\'1\')')
 3 SYSTEMPATH/Database/BaseBuilder.php(2521): CodeIgniter\Database\BaseConnection->query('UPDATE `EVENTO` SET `FECHA_BAJA` = :FECHA_BAJA:, `updated_at` = :updated_at:
WHERE `EVENTO`.`PK_ID_EVENTO` IN :EVENTO.PK_ID_EVENTO:', [...], false)
 4 SYSTEMPATH/Model.php(461): CodeIgniter\Database\BaseBuilder->update()
 5 SYSTEMPATH/BaseModel.php(1027): CodeIgniter\Model->doUpdate([...], [...])
 6 SYSTEMPATH/Model.php(863): CodeIgniter\BaseModel->update([...], [...])
 7 APPPATH/Controllers/EventoController.php(59): CodeIgniter\Model->update('1', [...])
 8 SYSTEMPATH/CodeIgniter.php(933): App\Controllers\EventoController->eliminarEvento()
 9 SYSTEMPATH/CodeIgniter.php(507): CodeIgniter\CodeIgniter->runController(Object(App\Controllers\EventoController))
10 SYSTEMPATH/CodeIgniter.php(354): CodeIgniter\CodeIgniter->handleRequest(null, Object(Config\Cache), false)
11 SYSTEMPATH/Boot.php(334): CodeIgniter\CodeIgniter->run()
12 SYSTEMPATH/Boot.php(67): CodeIgniter\Boot::runCodeIgniter(Object(CodeIgniter\CodeIgniter))
13 FCPATH/index.php(56): CodeIgniter\Boot::bootWeb(Object(Config\Paths))
CRITICAL - 2025-02-26 10:40:52 --> [Caused by] mysqli_sql_exception: Unknown column 'updated_at' in 'field list'
in SYSTEMPATH/Database/MySQLi/Connection.php on line 327.
 1 SYSTEMPATH/Database/MySQLi/Connection.php(327): mysqli->query('UPDATE `EVENTO` SET `FECHA_BAJA` = \'2025-02-26 10:40:52\', `updated_at` = \'2025-02-26 10:40:52\'
WHERE `EVENTO`.`PK_ID_EVENTO` IN (\'1\')', 0)
 2 SYSTEMPATH/Database/BaseConnection.php(738): CodeIgniter\Database\MySQLi\Connection->execute('UPDATE `EVENTO` SET `FECHA_BAJA` = \'2025-02-26 10:40:52\', `updated_at` = \'2025-02-26 10:40:52\'
WHERE `EVENTO`.`PK_ID_EVENTO` IN (\'1\')')
 3 SYSTEMPATH/Database/BaseConnection.php(652): CodeIgniter\Database\BaseConnection->simpleQuery('UPDATE `EVENTO` SET `FECHA_BAJA` = \'2025-02-26 10:40:52\', `updated_at` = \'2025-02-26 10:40:52\'
WHERE `EVENTO`.`PK_ID_EVENTO` IN (\'1\')')
 4 SYSTEMPATH/Database/BaseBuilder.php(2521): CodeIgniter\Database\BaseConnection->query('UPDATE `EVENTO` SET `FECHA_BAJA` = :FECHA_BAJA:, `updated_at` = :updated_at:
WHERE `EVENTO`.`PK_ID_EVENTO` IN :EVENTO.PK_ID_EVENTO:', [...], false)
 5 SYSTEMPATH/Model.php(461): CodeIgniter\Database\BaseBuilder->update()
 6 SYSTEMPATH/BaseModel.php(1027): CodeIgniter\Model->doUpdate([...], [...])
 7 SYSTEMPATH/Model.php(863): CodeIgniter\BaseModel->update([...], [...])
 8 APPPATH/Controllers/EventoController.php(59): CodeIgniter\Model->update('1', [...])
 9 SYSTEMPATH/CodeIgniter.php(933): App\Controllers\EventoController->eliminarEvento()
10 SYSTEMPATH/CodeIgniter.php(507): CodeIgniter\CodeIgniter->runController(Object(App\Controllers\EventoController))
11 SYSTEMPATH/CodeIgniter.php(354): CodeIgniter\CodeIgniter->handleRequest(null, Object(Config\Cache), false)
12 SYSTEMPATH/Boot.php(334): CodeIgniter\CodeIgniter->run()
13 SYSTEMPATH/Boot.php(67): CodeIgniter\Boot::runCodeIgniter(Object(CodeIgniter\CodeIgniter))
14 FCPATH/index.php(56): CodeIgniter\Boot::bootWeb(Object(Config\Paths))
ERROR - 2025-02-26 10:46:31 --> mysqli_sql_exception: Unknown column 'updated_at' in 'field list' in /Applications/MAMP/htdocs/tienda_manualidades/system/Database/MySQLi/Connection.php:327
Stack trace:
#0 /Applications/MAMP/htdocs/tienda_manualidades/system/Database/MySQLi/Connection.php(327): mysqli->query('UPDATE `EVENTO`...', 0)
#1 /Applications/MAMP/htdocs/tienda_manualidades/system/Database/BaseConnection.php(738): CodeIgniter\Database\MySQLi\Connection->execute('UPDATE `EVENTO`...')
#2 /Applications/MAMP/htdocs/tienda_manualidades/system/Database/BaseConnection.php(652): CodeIgniter\Database\BaseConnection->simpleQuery('UPDATE `EVENTO`...')
#3 /Applications/MAMP/htdocs/tienda_manualidades/system/Database/BaseBuilder.php(2521): CodeIgniter\Database\BaseConnection->query('UPDATE `EVENTO`...', Array, false)
#4 /Applications/MAMP/htdocs/tienda_manualidades/system/Model.php(461): CodeIgniter\Database\BaseBuilder->update()
#5 /Applications/MAMP/htdocs/tienda_manualidades/system/BaseModel.php(1027): CodeIgniter\Model->doUpdate(Array, Array)
#6 /Applications/MAMP/htdocs/tienda_manualidades/system/Model.php(863): CodeIgniter\BaseModel->update(Array, Array)
#7 /Applications/MAMP/htdocs/tienda_manualidades/app/Controllers/EventoController.php(59): CodeIgniter\Model->update('1', Array)
#8 /Applications/MAMP/htdocs/tienda_manualidades/system/CodeIgniter.php(933): App\Controllers\EventoController->eliminarEvento()
#9 /Applications/MAMP/htdocs/tienda_manualidades/system/CodeIgniter.php(507): CodeIgniter\CodeIgniter->runController(Object(App\Controllers\EventoController))
#10 /Applications/MAMP/htdocs/tienda_manualidades/system/CodeIgniter.php(354): CodeIgniter\CodeIgniter->handleRequest(NULL, Object(Config\Cache), false)
#11 /Applications/MAMP/htdocs/tienda_manualidades/system/Boot.php(334): CodeIgniter\CodeIgniter->run()
#12 /Applications/MAMP/htdocs/tienda_manualidades/system/Boot.php(67): CodeIgniter\Boot::runCodeIgniter(Object(CodeIgniter\CodeIgniter))
#13 /Applications/MAMP/htdocs/tienda_manualidades/public/index.php(56): CodeIgniter\Boot::bootWeb(Object(Config\Paths))
#14 {main}
CRITICAL - 2025-02-26 10:46:31 --> CodeIgniter\Database\Exceptions\DatabaseException: Unknown column 'updated_at' in 'field list'
[Method: POST, Route: eventos/eliminar]
in SYSTEMPATH/Database/BaseConnection.php on line 692.
 1 SYSTEMPATH/Database/BaseBuilder.php(2521): CodeIgniter\Database\BaseConnection->query('UPDATE `EVENTO` SET `FECHA_BAJA` = :FECHA_BAJA:, `updated_at` = :updated_at:
WHERE `EVENTO`.`PK_ID_EVENTO` IN :EVENTO.PK_ID_EVENTO:', [...], false)
 2 SYSTEMPATH/Model.php(461): CodeIgniter\Database\BaseBuilder->update()
 3 SYSTEMPATH/BaseModel.php(1027): CodeIgniter\Model->doUpdate([...], [...])
 4 SYSTEMPATH/Model.php(863): CodeIgniter\BaseModel->update([...], [...])
 5 APPPATH/Controllers/EventoController.php(59): CodeIgniter\Model->update('1', [...])
 6 SYSTEMPATH/CodeIgniter.php(933): App\Controllers\EventoController->eliminarEvento()
 7 SYSTEMPATH/CodeIgniter.php(507): CodeIgniter\CodeIgniter->runController(Object(App\Controllers\EventoController))
 8 SYSTEMPATH/CodeIgniter.php(354): CodeIgniter\CodeIgniter->handleRequest(null, Object(Config\Cache), false)
 9 SYSTEMPATH/Boot.php(334): CodeIgniter\CodeIgniter->run()
10 SYSTEMPATH/Boot.php(67): CodeIgniter\Boot::runCodeIgniter(Object(CodeIgniter\CodeIgniter))
11 FCPATH/index.php(56): CodeIgniter\Boot::bootWeb(Object(Config\Paths))
CRITICAL - 2025-02-26 10:46:31 --> [Caused by] CodeIgniter\Database\Exceptions\DatabaseException: Unknown column 'updated_at' in 'field list'
in SYSTEMPATH/Database/MySQLi/Connection.php on line 332.
 1 SYSTEMPATH/Database/BaseConnection.php(738): CodeIgniter\Database\MySQLi\Connection->execute('UPDATE `EVENTO` SET `FECHA_BAJA` = \'2025-02-26 10:46:31\', `updated_at` = \'2025-02-26 10:46:31\'
WHERE `EVENTO`.`PK_ID_EVENTO` IN (\'1\')')
 2 SYSTEMPATH/Database/BaseConnection.php(652): CodeIgniter\Database\BaseConnection->simpleQuery('UPDATE `EVENTO` SET `FECHA_BAJA` = \'2025-02-26 10:46:31\', `updated_at` = \'2025-02-26 10:46:31\'
WHERE `EVENTO`.`PK_ID_EVENTO` IN (\'1\')')
 3 SYSTEMPATH/Database/BaseBuilder.php(2521): CodeIgniter\Database\BaseConnection->query('UPDATE `EVENTO` SET `FECHA_BAJA` = :FECHA_BAJA:, `updated_at` = :updated_at:
WHERE `EVENTO`.`PK_ID_EVENTO` IN :EVENTO.PK_ID_EVENTO:', [...], false)
 4 SYSTEMPATH/Model.php(461): CodeIgniter\Database\BaseBuilder->update()
 5 SYSTEMPATH/BaseModel.php(1027): CodeIgniter\Model->doUpdate([...], [...])
 6 SYSTEMPATH/Model.php(863): CodeIgniter\BaseModel->update([...], [...])
 7 APPPATH/Controllers/EventoController.php(59): CodeIgniter\Model->update('1', [...])
 8 SYSTEMPATH/CodeIgniter.php(933): App\Controllers\EventoController->eliminarEvento()
 9 SYSTEMPATH/CodeIgniter.php(507): CodeIgniter\CodeIgniter->runController(Object(App\Controllers\EventoController))
10 SYSTEMPATH/CodeIgniter.php(354): CodeIgniter\CodeIgniter->handleRequest(null, Object(Config\Cache), false)
11 SYSTEMPATH/Boot.php(334): CodeIgniter\CodeIgniter->run()
12 SYSTEMPATH/Boot.php(67): CodeIgniter\Boot::runCodeIgniter(Object(CodeIgniter\CodeIgniter))
13 FCPATH/index.php(56): CodeIgniter\Boot::bootWeb(Object(Config\Paths))
CRITICAL - 2025-02-26 10:46:31 --> [Caused by] mysqli_sql_exception: Unknown column 'updated_at' in 'field list'
in SYSTEMPATH/Database/MySQLi/Connection.php on line 327.
 1 SYSTEMPATH/Database/MySQLi/Connection.php(327): mysqli->query('UPDATE `EVENTO` SET `FECHA_BAJA` = \'2025-02-26 10:46:31\', `updated_at` = \'2025-02-26 10:46:31\'
WHERE `EVENTO`.`PK_ID_EVENTO` IN (\'1\')', 0)
 2 SYSTEMPATH/Database/BaseConnection.php(738): CodeIgniter\Database\MySQLi\Connection->execute('UPDATE `EVENTO` SET `FECHA_BAJA` = \'2025-02-26 10:46:31\', `updated_at` = \'2025-02-26 10:46:31\'
WHERE `EVENTO`.`PK_ID_EVENTO` IN (\'1\')')
 3 SYSTEMPATH/Database/BaseConnection.php(652): CodeIgniter\Database\BaseConnection->simpleQuery('UPDATE `EVENTO` SET `FECHA_BAJA` = \'2025-02-26 10:46:31\', `updated_at` = \'2025-02-26 10:46:31\'
WHERE `EVENTO`.`PK_ID_EVENTO` IN (\'1\')')
 4 SYSTEMPATH/Database/BaseBuilder.php(2521): CodeIgniter\Database\BaseConnection->query('UPDATE `EVENTO` SET `FECHA_BAJA` = :FECHA_BAJA:, `updated_at` = :updated_at:
WHERE `EVENTO`.`PK_ID_EVENTO` IN :EVENTO.PK_ID_EVENTO:', [...], false)
 5 SYSTEMPATH/Model.php(461): CodeIgniter\Database\BaseBuilder->update()
 6 SYSTEMPATH/BaseModel.php(1027): CodeIgniter\Model->doUpdate([...], [...])
 7 SYSTEMPATH/Model.php(863): CodeIgniter\BaseModel->update([...], [...])
 8 APPPATH/Controllers/EventoController.php(59): CodeIgniter\Model->update('1', [...])
 9 SYSTEMPATH/CodeIgniter.php(933): App\Controllers\EventoController->eliminarEvento()
10 SYSTEMPATH/CodeIgniter.php(507): CodeIgniter\CodeIgniter->runController(Object(App\Controllers\EventoController))
11 SYSTEMPATH/CodeIgniter.php(354): CodeIgniter\CodeIgniter->handleRequest(null, Object(Config\Cache), false)
12 SYSTEMPATH/Boot.php(334): CodeIgniter\CodeIgniter->run()
13 SYSTEMPATH/Boot.php(67): CodeIgniter\Boot::runCodeIgniter(Object(CodeIgniter\CodeIgniter))
14 FCPATH/index.php(56): CodeIgniter\Boot::bootWeb(Object(Config\Paths))
ERROR - 2025-02-26 10:48:39 --> mysqli_sql_exception: Unknown column 'updated_at' in 'field list' in /Applications/MAMP/htdocs/tienda_manualidades/system/Database/MySQLi/Connection.php:327
Stack trace:
#0 /Applications/MAMP/htdocs/tienda_manualidades/system/Database/MySQLi/Connection.php(327): mysqli->query('UPDATE `EVENTO`...', 0)
#1 /Applications/MAMP/htdocs/tienda_manualidades/system/Database/BaseConnection.php(738): CodeIgniter\Database\MySQLi\Connection->execute('UPDATE `EVENTO`...')
#2 /Applications/MAMP/htdocs/tienda_manualidades/system/Database/BaseConnection.php(652): CodeIgniter\Database\BaseConnection->simpleQuery('UPDATE `EVENTO`...')
#3 /Applications/MAMP/htdocs/tienda_manualidades/system/Database/BaseBuilder.php(2521): CodeIgniter\Database\BaseConnection->query('UPDATE `EVENTO`...', Array, false)
#4 /Applications/MAMP/htdocs/tienda_manualidades/system/Model.php(461): CodeIgniter\Database\BaseBuilder->update()
#5 /Applications/MAMP/htdocs/tienda_manualidades/system/BaseModel.php(1027): CodeIgniter\Model->doUpdate(Array, Array)
#6 /Applications/MAMP/htdocs/tienda_manualidades/system/Model.php(863): CodeIgniter\BaseModel->update(Array, Array)
#7 /Applications/MAMP/htdocs/tienda_manualidades/app/Controllers/EventoController.php(59): CodeIgniter\Model->update('1', Array)
#8 /Applications/MAMP/htdocs/tienda_manualidades/system/CodeIgniter.php(933): App\Controllers\EventoController->eliminarEvento()
#9 /Applications/MAMP/htdocs/tienda_manualidades/system/CodeIgniter.php(507): CodeIgniter\CodeIgniter->runController(Object(App\Controllers\EventoController))
#10 /Applications/MAMP/htdocs/tienda_manualidades/system/CodeIgniter.php(354): CodeIgniter\CodeIgniter->handleRequest(NULL, Object(Config\Cache), false)
#11 /Applications/MAMP/htdocs/tienda_manualidades/system/Boot.php(334): CodeIgniter\CodeIgniter->run()
#12 /Applications/MAMP/htdocs/tienda_manualidades/system/Boot.php(67): CodeIgniter\Boot::runCodeIgniter(Object(CodeIgniter\CodeIgniter))
#13 /Applications/MAMP/htdocs/tienda_manualidades/public/index.php(56): CodeIgniter\Boot::bootWeb(Object(Config\Paths))
#14 {main}
CRITICAL - 2025-02-26 10:48:39 --> CodeIgniter\Database\Exceptions\DatabaseException: Unknown column 'updated_at' in 'field list'
[Method: POST, Route: eventos/eliminar]
in SYSTEMPATH/Database/BaseConnection.php on line 692.
 1 SYSTEMPATH/Database/BaseBuilder.php(2521): CodeIgniter\Database\BaseConnection->query('UPDATE `EVENTO` SET `FECHA_BAJA` = :FECHA_BAJA:, `updated_at` = :updated_at:
WHERE `EVENTO`.`PK_ID_EVENTO` IN :EVENTO.PK_ID_EVENTO:', [...], false)
 2 SYSTEMPATH/Model.php(461): CodeIgniter\Database\BaseBuilder->update()
 3 SYSTEMPATH/BaseModel.php(1027): CodeIgniter\Model->doUpdate([...], [...])
 4 SYSTEMPATH/Model.php(863): CodeIgniter\BaseModel->update([...], [...])
 5 APPPATH/Controllers/EventoController.php(59): CodeIgniter\Model->update('1', [...])
 6 SYSTEMPATH/CodeIgniter.php(933): App\Controllers\EventoController->eliminarEvento()
 7 SYSTEMPATH/CodeIgniter.php(507): CodeIgniter\CodeIgniter->runController(Object(App\Controllers\EventoController))
 8 SYSTEMPATH/CodeIgniter.php(354): CodeIgniter\CodeIgniter->handleRequest(null, Object(Config\Cache), false)
 9 SYSTEMPATH/Boot.php(334): CodeIgniter\CodeIgniter->run()
10 SYSTEMPATH/Boot.php(67): CodeIgniter\Boot::runCodeIgniter(Object(CodeIgniter\CodeIgniter))
11 FCPATH/index.php(56): CodeIgniter\Boot::bootWeb(Object(Config\Paths))
CRITICAL - 2025-02-26 10:48:39 --> [Caused by] CodeIgniter\Database\Exceptions\DatabaseException: Unknown column 'updated_at' in 'field list'
in SYSTEMPATH/Database/MySQLi/Connection.php on line 332.
 1 SYSTEMPATH/Database/BaseConnection.php(738): CodeIgniter\Database\MySQLi\Connection->execute('UPDATE `EVENTO` SET `FECHA_BAJA` = \'2025-02-26 10:48:39\', `updated_at` = \'2025-02-26 10:48:39\'
WHERE `EVENTO`.`PK_ID_EVENTO` IN (\'1\')')
 2 SYSTEMPATH/Database/BaseConnection.php(652): CodeIgniter\Database\BaseConnection->simpleQuery('UPDATE `EVENTO` SET `FECHA_BAJA` = \'2025-02-26 10:48:39\', `updated_at` = \'2025-02-26 10:48:39\'
WHERE `EVENTO`.`PK_ID_EVENTO` IN (\'1\')')
 3 SYSTEMPATH/Database/BaseBuilder.php(2521): CodeIgniter\Database\BaseConnection->query('UPDATE `EVENTO` SET `FECHA_BAJA` = :FECHA_BAJA:, `updated_at` = :updated_at:
WHERE `EVENTO`.`PK_ID_EVENTO` IN :EVENTO.PK_ID_EVENTO:', [...], false)
 4 SYSTEMPATH/Model.php(461): CodeIgniter\Database\BaseBuilder->update()
 5 SYSTEMPATH/BaseModel.php(1027): CodeIgniter\Model->doUpdate([...], [...])
 6 SYSTEMPATH/Model.php(863): CodeIgniter\BaseModel->update([...], [...])
 7 APPPATH/Controllers/EventoController.php(59): CodeIgniter\Model->update('1', [...])
 8 SYSTEMPATH/CodeIgniter.php(933): App\Controllers\EventoController->eliminarEvento()
 9 SYSTEMPATH/CodeIgniter.php(507): CodeIgniter\CodeIgniter->runController(Object(App\Controllers\EventoController))
10 SYSTEMPATH/CodeIgniter.php(354): CodeIgniter\CodeIgniter->handleRequest(null, Object(Config\Cache), false)
11 SYSTEMPATH/Boot.php(334): CodeIgniter\CodeIgniter->run()
12 SYSTEMPATH/Boot.php(67): CodeIgniter\Boot::runCodeIgniter(Object(CodeIgniter\CodeIgniter))
13 FCPATH/index.php(56): CodeIgniter\Boot::bootWeb(Object(Config\Paths))
CRITICAL - 2025-02-26 10:48:39 --> [Caused by] mysqli_sql_exception: Unknown column 'updated_at' in 'field list'
in SYSTEMPATH/Database/MySQLi/Connection.php on line 327.
 1 SYSTEMPATH/Database/MySQLi/Connection.php(327): mysqli->query('UPDATE `EVENTO` SET `FECHA_BAJA` = \'2025-02-26 10:48:39\', `updated_at` = \'2025-02-26 10:48:39\'
WHERE `EVENTO`.`PK_ID_EVENTO` IN (\'1\')', 0)
 2 SYSTEMPATH/Database/BaseConnection.php(738): CodeIgniter\Database\MySQLi\Connection->execute('UPDATE `EVENTO` SET `FECHA_BAJA` = \'2025-02-26 10:48:39\', `updated_at` = \'2025-02-26 10:48:39\'
WHERE `EVENTO`.`PK_ID_EVENTO` IN (\'1\')')
 3 SYSTEMPATH/Database/BaseConnection.php(652): CodeIgniter\Database\BaseConnection->simpleQuery('UPDATE `EVENTO` SET `FECHA_BAJA` = \'2025-02-26 10:48:39\', `updated_at` = \'2025-02-26 10:48:39\'
WHERE `EVENTO`.`PK_ID_EVENTO` IN (\'1\')')
 4 SYSTEMPATH/Database/BaseBuilder.php(2521): CodeIgniter\Database\BaseConnection->query('UPDATE `EVENTO` SET `FECHA_BAJA` = :FECHA_BAJA:, `updated_at` = :updated_at:
WHERE `EVENTO`.`PK_ID_EVENTO` IN :EVENTO.PK_ID_EVENTO:', [...], false)
 5 SYSTEMPATH/Model.php(461): CodeIgniter\Database\BaseBuilder->update()
 6 SYSTEMPATH/BaseModel.php(1027): CodeIgniter\Model->doUpdate([...], [...])
 7 SYSTEMPATH/Model.php(863): CodeIgniter\BaseModel->update([...], [...])
 8 APPPATH/Controllers/EventoController.php(59): CodeIgniter\Model->update('1', [...])
 9 SYSTEMPATH/CodeIgniter.php(933): App\Controllers\EventoController->eliminarEvento()
10 SYSTEMPATH/CodeIgniter.php(507): CodeIgniter\CodeIgniter->runController(Object(App\Controllers\EventoController))
11 SYSTEMPATH/CodeIgniter.php(354): CodeIgniter\CodeIgniter->handleRequest(null, Object(Config\Cache), false)
12 SYSTEMPATH/Boot.php(334): CodeIgniter\CodeIgniter->run()
13 SYSTEMPATH/Boot.php(67): CodeIgniter\Boot::runCodeIgniter(Object(CodeIgniter\CodeIgniter))
14 FCPATH/index.php(56): CodeIgniter\Boot::bootWeb(Object(Config\Paths))
ERROR - 2025-02-26 10:48:52 --> mysqli_sql_exception: Unknown column 'created_at' in 'field list' in /Applications/MAMP/htdocs/tienda_manualidades/system/Database/MySQLi/Connection.php:327
Stack trace:
#0 /Applications/MAMP/htdocs/tienda_manualidades/system/Database/MySQLi/Connection.php(327): mysqli->query('INSERT INTO `EV...', 0)
#1 /Applications/MAMP/htdocs/tienda_manualidades/system/Database/BaseConnection.php(738): CodeIgniter\Database\MySQLi\Connection->execute('INSERT INTO `EV...')
#2 /Applications/MAMP/htdocs/tienda_manualidades/system/Database/BaseConnection.php(652): CodeIgniter\Database\BaseConnection->simpleQuery('INSERT INTO `EV...')
#3 /Applications/MAMP/htdocs/tienda_manualidades/system/Database/BaseBuilder.php(2345): CodeIgniter\Database\BaseConnection->query('INSERT INTO `EV...', Array, false)
#4 /Applications/MAMP/htdocs/tienda_manualidades/system/Model.php(394): CodeIgniter\Database\BaseBuilder->insert()
#5 /Applications/MAMP/htdocs/tienda_manualidades/system/BaseModel.php(839): CodeIgniter\Model->doInsert(Array)
#6 /Applications/MAMP/htdocs/tienda_manualidades/system/Model.php(800): CodeIgniter\BaseModel->insert(Array, true)
#7 /Applications/MAMP/htdocs/tienda_manualidades/app/Controllers/EventoController.php(48): CodeIgniter\Model->insert(Array)
#8 /Applications/MAMP/htdocs/tienda_manualidades/system/CodeIgniter.php(933): App\Controllers\EventoController->anadirEvento()
#9 /Applications/MAMP/htdocs/tienda_manualidades/system/CodeIgniter.php(507): CodeIgniter\CodeIgniter->runController(Object(App\Controllers\EventoController))
#10 /Applications/MAMP/htdocs/tienda_manualidades/system/CodeIgniter.php(354): CodeIgniter\CodeIgniter->handleRequest(NULL, Object(Config\Cache), false)
#11 /Applications/MAMP/htdocs/tienda_manualidades/system/Boot.php(334): CodeIgniter\CodeIgniter->run()
#12 /Applications/MAMP/htdocs/tienda_manualidades/system/Boot.php(67): CodeIgniter\Boot::runCodeIgniter(Object(CodeIgniter\CodeIgniter))
#13 /Applications/MAMP/htdocs/tienda_manualidades/public/index.php(56): CodeIgniter\Boot::bootWeb(Object(Config\Paths))
#14 {main}
CRITICAL - 2025-02-26 10:48:52 --> CodeIgniter\Database\Exceptions\DatabaseException: Unknown column 'created_at' in 'field list'
[Method: POST, Route: eventos/anadir]
in SYSTEMPATH/Database/BaseConnection.php on line 692.
 1 SYSTEMPATH/Database/BaseBuilder.php(2345): CodeIgniter\Database\BaseConnection->query('INSERT INTO `EVENTO` (`TITULO`, `FECHA_INICIO`, `FECHA_FINAL`, `DESCRIPCION_ES`, `DESCRIPCION_ENG`, `created_at`, `updated_at`) VALUES (:TITULO:, :FECHA_INICIO:, :FECHA_FINAL:, :DESCRIPCION_ES:, :DESCRIPCION_ENG:, :created_at:, :updated_at:)', [...], false)
 2 SYSTEMPATH/Model.php(394): CodeIgniter\Database\BaseBuilder->insert()
 3 SYSTEMPATH/BaseModel.php(839): CodeIgniter\Model->doInsert([...])
 4 SYSTEMPATH/Model.php(800): CodeIgniter\BaseModel->insert([...], true)
 5 APPPATH/Controllers/EventoController.php(48): CodeIgniter\Model->insert([...])
 6 SYSTEMPATH/CodeIgniter.php(933): App\Controllers\EventoController->anadirEvento()
 7 SYSTEMPATH/CodeIgniter.php(507): CodeIgniter\CodeIgniter->runController(Object(App\Controllers\EventoController))
 8 SYSTEMPATH/CodeIgniter.php(354): CodeIgniter\CodeIgniter->handleRequest(null, Object(Config\Cache), false)
 9 SYSTEMPATH/Boot.php(334): CodeIgniter\CodeIgniter->run()
10 SYSTEMPATH/Boot.php(67): CodeIgniter\Boot::runCodeIgniter(Object(CodeIgniter\CodeIgniter))
11 FCPATH/index.php(56): CodeIgniter\Boot::bootWeb(Object(Config\Paths))
CRITICAL - 2025-02-26 10:48:52 --> [Caused by] CodeIgniter\Database\Exceptions\DatabaseException: Unknown column 'created_at' in 'field list'
in SYSTEMPATH/Database/MySQLi/Connection.php on line 332.
 1 SYSTEMPATH/Database/BaseConnection.php(738): CodeIgniter\Database\MySQLi\Connection->execute('INSERT INTO `EVENTO` (`TITULO`, `FECHA_INICIO`, `FECHA_FINAL`, `DESCRIPCION_ES`, `DESCRIPCION_ENG`, `created_at`, `updated_at`) VALUES (\'jkdlasds\', \'2025-02-24\', \'2025-02-25\', \'kjladklajd\', \'jakldjalkd\', \'2025-02-26 10:48:52\', \'2025-02-26 10:48:52\')')
 2 SYSTEMPATH/Database/BaseConnection.php(652): CodeIgniter\Database\BaseConnection->simpleQuery('INSERT INTO `EVENTO` (`TITULO`, `FECHA_INICIO`, `FECHA_FINAL`, `DESCRIPCION_ES`, `DESCRIPCION_ENG`, `created_at`, `updated_at`) VALUES (\'jkdlasds\', \'2025-02-24\', \'2025-02-25\', \'kjladklajd\', \'jakldjalkd\', \'2025-02-26 10:48:52\', \'2025-02-26 10:48:52\')')
 3 SYSTEMPATH/Database/BaseBuilder.php(2345): CodeIgniter\Database\BaseConnection->query('INSERT INTO `EVENTO` (`TITULO`, `FECHA_INICIO`, `FECHA_FINAL`, `DESCRIPCION_ES`, `DESCRIPCION_ENG`, `created_at`, `updated_at`) VALUES (:TITULO:, :FECHA_INICIO:, :FECHA_FINAL:, :DESCRIPCION_ES:, :DESCRIPCION_ENG:, :created_at:, :updated_at:)', [...], false)
 4 SYSTEMPATH/Model.php(394): CodeIgniter\Database\BaseBuilder->insert()
 5 SYSTEMPATH/BaseModel.php(839): CodeIgniter\Model->doInsert([...])
 6 SYSTEMPATH/Model.php(800): CodeIgniter\BaseModel->insert([...], true)
 7 APPPATH/Controllers/EventoController.php(48): CodeIgniter\Model->insert([...])
 8 SYSTEMPATH/CodeIgniter.php(933): App\Controllers\EventoController->anadirEvento()
 9 SYSTEMPATH/CodeIgniter.php(507): CodeIgniter\CodeIgniter->runController(Object(App\Controllers\EventoController))
10 SYSTEMPATH/CodeIgniter.php(354): CodeIgniter\CodeIgniter->handleRequest(null, Object(Config\Cache), false)
11 SYSTEMPATH/Boot.php(334): CodeIgniter\CodeIgniter->run()
12 SYSTEMPATH/Boot.php(67): CodeIgniter\Boot::runCodeIgniter(Object(CodeIgniter\CodeIgniter))
13 FCPATH/index.php(56): CodeIgniter\Boot::bootWeb(Object(Config\Paths))
CRITICAL - 2025-02-26 10:48:52 --> [Caused by] mysqli_sql_exception: Unknown column 'created_at' in 'field list'
in SYSTEMPATH/Database/MySQLi/Connection.php on line 327.
 1 SYSTEMPATH/Database/MySQLi/Connection.php(327): mysqli->query('INSERT INTO `EVENTO` (`TITULO`, `FECHA_INICIO`, `FECHA_FINAL`, `DESCRIPCION_ES`, `DESCRIPCION_ENG`, `created_at`, `updated_at`) VALUES (\'jkdlasds\', \'2025-02-24\', \'2025-02-25\', \'kjladklajd\', \'jakldjalkd\', \'2025-02-26 10:48:52\', \'2025-02-26 10:48:52\')', 0)
 2 SYSTEMPATH/Database/BaseConnection.php(738): CodeIgniter\Database\MySQLi\Connection->execute('INSERT INTO `EVENTO` (`TITULO`, `FECHA_INICIO`, `FECHA_FINAL`, `DESCRIPCION_ES`, `DESCRIPCION_ENG`, `created_at`, `updated_at`) VALUES (\'jkdlasds\', \'2025-02-24\', \'2025-02-25\', \'kjladklajd\', \'jakldjalkd\', \'2025-02-26 10:48:52\', \'2025-02-26 10:48:52\')')
 3 SYSTEMPATH/Database/BaseConnection.php(652): CodeIgniter\Database\BaseConnection->simpleQuery('INSERT INTO `EVENTO` (`TITULO`, `FECHA_INICIO`, `FECHA_FINAL`, `DESCRIPCION_ES`, `DESCRIPCION_ENG`, `created_at`, `updated_at`) VALUES (\'jkdlasds\', \'2025-02-24\', \'2025-02-25\', \'kjladklajd\', \'jakldjalkd\', \'2025-02-26 10:48:52\', \'2025-02-26 10:48:52\')')
 4 SYSTEMPATH/Database/BaseBuilder.php(2345): CodeIgniter\Database\BaseConnection->query('INSERT INTO `EVENTO` (`TITULO`, `FECHA_INICIO`, `FECHA_FINAL`, `DESCRIPCION_ES`, `DESCRIPCION_ENG`, `created_at`, `updated_at`) VALUES (:TITULO:, :FECHA_INICIO:, :FECHA_FINAL:, :DESCRIPCION_ES:, :DESCRIPCION_ENG:, :created_at:, :updated_at:)', [...], false)
 5 SYSTEMPATH/Model.php(394): CodeIgniter\Database\BaseBuilder->insert()
 6 SYSTEMPATH/BaseModel.php(839): CodeIgniter\Model->doInsert([...])
 7 SYSTEMPATH/Model.php(800): CodeIgniter\BaseModel->insert([...], true)
 8 APPPATH/Controllers/EventoController.php(48): CodeIgniter\Model->insert([...])
 9 SYSTEMPATH/CodeIgniter.php(933): App\Controllers\EventoController->anadirEvento()
10 SYSTEMPATH/CodeIgniter.php(507): CodeIgniter\CodeIgniter->runController(Object(App\Controllers\EventoController))
11 SYSTEMPATH/CodeIgniter.php(354): CodeIgniter\CodeIgniter->handleRequest(null, Object(Config\Cache), false)
12 SYSTEMPATH/Boot.php(334): CodeIgniter\CodeIgniter->run()
13 SYSTEMPATH/Boot.php(67): CodeIgniter\Boot::runCodeIgniter(Object(CodeIgniter\CodeIgniter))
14 FCPATH/index.php(56): CodeIgniter\Boot::bootWeb(Object(Config\Paths))
ERROR - 2025-02-26 10:50:17 --> mysqli_sql_exception: Unknown column 'created_at' in 'field list' in /Applications/MAMP/htdocs/tienda_manualidades/system/Database/MySQLi/Connection.php:327
Stack trace:
#0 /Applications/MAMP/htdocs/tienda_manualidades/system/Database/MySQLi/Connection.php(327): mysqli->query('INSERT INTO `EV...', 0)
#1 /Applications/MAMP/htdocs/tienda_manualidades/system/Database/BaseConnection.php(738): CodeIgniter\Database\MySQLi\Connection->execute('INSERT INTO `EV...')
#2 /Applications/MAMP/htdocs/tienda_manualidades/system/Database/BaseConnection.php(652): CodeIgniter\Database\BaseConnection->simpleQuery('INSERT INTO `EV...')
#3 /Applications/MAMP/htdocs/tienda_manualidades/system/Database/BaseBuilder.php(2345): CodeIgniter\Database\BaseConnection->query('INSERT INTO `EV...', Array, false)
#4 /Applications/MAMP/htdocs/tienda_manualidades/system/Model.php(394): CodeIgniter\Database\BaseBuilder->insert()
#5 /Applications/MAMP/htdocs/tienda_manualidades/system/BaseModel.php(839): CodeIgniter\Model->doInsert(Array)
#6 /Applications/MAMP/htdocs/tienda_manualidades/system/Model.php(800): CodeIgniter\BaseModel->insert(Array, true)
#7 /Applications/MAMP/htdocs/tienda_manualidades/app/Controllers/EventoController.php(49): CodeIgniter\Model->insert(Array)
#8 /Applications/MAMP/htdocs/tienda_manualidades/system/CodeIgniter.php(933): App\Controllers\EventoController->anadirEvento()
#9 /Applications/MAMP/htdocs/tienda_manualidades/system/CodeIgniter.php(507): CodeIgniter\CodeIgniter->runController(Object(App\Controllers\EventoController))
#10 /Applications/MAMP/htdocs/tienda_manualidades/system/CodeIgniter.php(354): CodeIgniter\CodeIgniter->handleRequest(NULL, Object(Config\Cache), false)
#11 /Applications/MAMP/htdocs/tienda_manualidades/system/Boot.php(334): CodeIgniter\CodeIgniter->run()
#12 /Applications/MAMP/htdocs/tienda_manualidades/system/Boot.php(67): CodeIgniter\Boot::runCodeIgniter(Object(CodeIgniter\CodeIgniter))
#13 /Applications/MAMP/htdocs/tienda_manualidades/public/index.php(56): CodeIgniter\Boot::bootWeb(Object(Config\Paths))
#14 {main}
ERROR - 2025-02-26 10:51:41 --> mysqli_sql_exception: Unknown column 'created_at' in 'field list' in /Applications/MAMP/htdocs/tienda_manualidades/system/Database/MySQLi/Connection.php:327
Stack trace:
#0 /Applications/MAMP/htdocs/tienda_manualidades/system/Database/MySQLi/Connection.php(327): mysqli->query('INSERT INTO `EV...', 0)
#1 /Applications/MAMP/htdocs/tienda_manualidades/system/Database/BaseConnection.php(738): CodeIgniter\Database\MySQLi\Connection->execute('INSERT INTO `EV...')
#2 /Applications/MAMP/htdocs/tienda_manualidades/system/Database/BaseConnection.php(652): CodeIgniter\Database\BaseConnection->simpleQuery('INSERT INTO `EV...')
#3 /Applications/MAMP/htdocs/tienda_manualidades/system/Database/BaseBuilder.php(2345): CodeIgniter\Database\BaseConnection->query('INSERT INTO `EV...', Array, false)
#4 /Applications/MAMP/htdocs/tienda_manualidades/system/Model.php(394): CodeIgniter\Database\BaseBuilder->insert()
#5 /Applications/MAMP/htdocs/tienda_manualidades/system/BaseModel.php(839): CodeIgniter\Model->doInsert(Array)
#6 /Applications/MAMP/htdocs/tienda_manualidades/system/Model.php(800): CodeIgniter\BaseModel->insert(Array, true)
#7 /Applications/MAMP/htdocs/tienda_manualidades/app/Controllers/EventoController.php(49): CodeIgniter\Model->insert(Array)
#8 /Applications/MAMP/htdocs/tienda_manualidades/system/CodeIgniter.php(933): App\Controllers\EventoController->anadirEvento()
#9 /Applications/MAMP/htdocs/tienda_manualidades/system/CodeIgniter.php(507): CodeIgniter\CodeIgniter->runController(Object(App\Controllers\EventoController))
#10 /Applications/MAMP/htdocs/tienda_manualidades/system/CodeIgniter.php(354): CodeIgniter\CodeIgniter->handleRequest(NULL, Object(Config\Cache), false)
#11 /Applications/MAMP/htdocs/tienda_manualidades/system/Boot.php(334): CodeIgniter\CodeIgniter->run()
#12 /Applications/MAMP/htdocs/tienda_manualidades/system/Boot.php(67): CodeIgniter\Boot::runCodeIgniter(Object(CodeIgniter\CodeIgniter))
#13 /Applications/MAMP/htdocs/tienda_manualidades/public/index.php(56): CodeIgniter\Boot::bootWeb(Object(Config\Paths))
#14 {main}
ERROR - 2025-02-26 11:35:10 --> mysqli_sql_exception: Unknown column 'created_at' in 'field list' in /Applications/MAMP/htdocs/tienda_manualidades/system/Database/MySQLi/Connection.php:327
Stack trace:
#0 /Applications/MAMP/htdocs/tienda_manualidades/system/Database/MySQLi/Connection.php(327): mysqli->query('INSERT INTO `EV...', 0)
#1 /Applications/MAMP/htdocs/tienda_manualidades/system/Database/BaseConnection.php(738): CodeIgniter\Database\MySQLi\Connection->execute('INSERT INTO `EV...')
#2 /Applications/MAMP/htdocs/tienda_manualidades/system/Database/BaseConnection.php(652): CodeIgniter\Database\BaseConnection->simpleQuery('INSERT INTO `EV...')
#3 /Applications/MAMP/htdocs/tienda_manualidades/system/Database/BaseBuilder.php(2345): CodeIgniter\Database\BaseConnection->query('INSERT INTO `EV...', Array, false)
#4 /Applications/MAMP/htdocs/tienda_manualidades/system/Model.php(394): CodeIgniter\Database\BaseBuilder->insert()
#5 /Applications/MAMP/htdocs/tienda_manualidades/system/BaseModel.php(839): CodeIgniter\Model->doInsert(Array)
#6 /Applications/MAMP/htdocs/tienda_manualidades/system/Model.php(800): CodeIgniter\BaseModel->insert(Array, true)
#7 /Applications/MAMP/htdocs/tienda_manualidades/app/Controllers/EventoController.php(49): CodeIgniter\Model->insert(Array)
#8 /Applications/MAMP/htdocs/tienda_manualidades/system/CodeIgniter.php(933): App\Controllers\EventoController->anadirEvento()
#9 /Applications/MAMP/htdocs/tienda_manualidades/system/CodeIgniter.php(507): CodeIgniter\CodeIgniter->runController(Object(App\Controllers\EventoController))
#10 /Applications/MAMP/htdocs/tienda_manualidades/system/CodeIgniter.php(354): CodeIgniter\CodeIgniter->handleRequest(NULL, Object(Config\Cache), false)
#11 /Applications/MAMP/htdocs/tienda_manualidades/system/Boot.php(334): CodeIgniter\CodeIgniter->run()
#12 /Applications/MAMP/htdocs/tienda_manualidades/system/Boot.php(67): CodeIgniter\Boot::runCodeIgniter(Object(CodeIgniter\CodeIgniter))
#13 /Applications/MAMP/htdocs/tienda_manualidades/public/index.php(56): CodeIgniter\Boot::bootWeb(Object(Config\Paths))
#14 {main}
ERROR - 2025-02-26 11:49:57 --> mysqli_sql_exception: Unknown column 'created_at' in 'field list' in /Applications/MAMP/htdocs/tienda_manualidades/system/Database/MySQLi/Connection.php:327
Stack trace:
#0 /Applications/MAMP/htdocs/tienda_manualidades/system/Database/MySQLi/Connection.php(327): mysqli->query('INSERT INTO `EV...', 0)
#1 /Applications/MAMP/htdocs/tienda_manualidades/system/Database/BaseConnection.php(738): CodeIgniter\Database\MySQLi\Connection->execute('INSERT INTO `EV...')
#2 /Applications/MAMP/htdocs/tienda_manualidades/system/Database/BaseConnection.php(652): CodeIgniter\Database\BaseConnection->simpleQuery('INSERT INTO `EV...')
#3 /Applications/MAMP/htdocs/tienda_manualidades/system/Database/BaseBuilder.php(2345): CodeIgniter\Database\BaseConnection->query('INSERT INTO `EV...', Array, false)
#4 /Applications/MAMP/htdocs/tienda_manualidades/system/Model.php(394): CodeIgniter\Database\BaseBuilder->insert()
#5 /Applications/MAMP/htdocs/tienda_manualidades/system/BaseModel.php(839): CodeIgniter\Model->doInsert(Array)
#6 /Applications/MAMP/htdocs/tienda_manualidades/system/Model.php(800): CodeIgniter\BaseModel->insert(Array, true)
#7 /Applications/MAMP/htdocs/tienda_manualidades/app/Controllers/EventoController.php(49): CodeIgniter\Model->insert(Array)
#8 /Applications/MAMP/htdocs/tienda_manualidades/system/CodeIgniter.php(933): App\Controllers\EventoController->anadirEvento()
#9 /Applications/MAMP/htdocs/tienda_manualidades/system/CodeIgniter.php(507): CodeIgniter\CodeIgniter->runController(Object(App\Controllers\EventoController))
#10 /Applications/MAMP/htdocs/tienda_manualidades/system/CodeIgniter.php(354): CodeIgniter\CodeIgniter->handleRequest(NULL, Object(Config\Cache), false)
#11 /Applications/MAMP/htdocs/tienda_manualidades/system/Boot.php(334): CodeIgniter\CodeIgniter->run()
#12 /Applications/MAMP/htdocs/tienda_manualidades/system/Boot.php(67): CodeIgniter\Boot::runCodeIgniter(Object(CodeIgniter\CodeIgniter))
#13 /Applications/MAMP/htdocs/tienda_manualidades/public/index.php(56): CodeIgniter\Boot::bootWeb(Object(Config\Paths))
#14 {main}
ERROR - 2025-02-26 11:50:38 --> mysqli_sql_exception: Unknown column 'created_at' in 'field list' in /Applications/MAMP/htdocs/tienda_manualidades/system/Database/MySQLi/Connection.php:327
Stack trace:
#0 /Applications/MAMP/htdocs/tienda_manualidades/system/Database/MySQLi/Connection.php(327): mysqli->query('INSERT INTO `EV...', 0)
#1 /Applications/MAMP/htdocs/tienda_manualidades/system/Database/BaseConnection.php(738): CodeIgniter\Database\MySQLi\Connection->execute('INSERT INTO `EV...')
#2 /Applications/MAMP/htdocs/tienda_manualidades/system/Database/BaseConnection.php(652): CodeIgniter\Database\BaseConnection->simpleQuery('INSERT INTO `EV...')
#3 /Applications/MAMP/htdocs/tienda_manualidades/system/Database/BaseBuilder.php(2345): CodeIgniter\Database\BaseConnection->query('INSERT INTO `EV...', Array, false)
#4 /Applications/MAMP/htdocs/tienda_manualidades/system/Model.php(394): CodeIgniter\Database\BaseBuilder->insert()
#5 /Applications/MAMP/htdocs/tienda_manualidades/system/BaseModel.php(839): CodeIgniter\Model->doInsert(Array)
#6 /Applications/MAMP/htdocs/tienda_manualidades/system/Model.php(800): CodeIgniter\BaseModel->insert(Array, true)
#7 /Applications/MAMP/htdocs/tienda_manualidades/app/Controllers/EventoController.php(49): CodeIgniter\Model->insert(Array)
#8 /Applications/MAMP/htdocs/tienda_manualidades/system/CodeIgniter.php(933): App\Controllers\EventoController->anadirEvento()
#9 /Applications/MAMP/htdocs/tienda_manualidades/system/CodeIgniter.php(507): CodeIgniter\CodeIgniter->runController(Object(App\Controllers\EventoController))
#10 /Applications/MAMP/htdocs/tienda_manualidades/system/CodeIgniter.php(354): CodeIgniter\CodeIgniter->handleRequest(NULL, Object(Config\Cache), false)
#11 /Applications/MAMP/htdocs/tienda_manualidades/system/Boot.php(334): CodeIgniter\CodeIgniter->run()
#12 /Applications/MAMP/htdocs/tienda_manualidades/system/Boot.php(67): CodeIgniter\Boot::runCodeIgniter(Object(CodeIgniter\CodeIgniter))
#13 /Applications/MAMP/htdocs/tienda_manualidades/public/index.php(56): CodeIgniter\Boot::bootWeb(Object(Config\Paths))
#14 {main}
ERROR - 2025-02-26 13:52:38 --> mysqli_sql_exception: Column 'FECHA_INICIO' cannot be null in /Applications/MAMP/htdocs/tienda_manualidades/system/Database/MySQLi/Connection.php:327
Stack trace:
#0 /Applications/MAMP/htdocs/tienda_manualidades/system/Database/MySQLi/Connection.php(327): mysqli->query('INSERT INTO `EV...', 0)
#1 /Applications/MAMP/htdocs/tienda_manualidades/system/Database/BaseConnection.php(738): CodeIgniter\Database\MySQLi\Connection->execute('INSERT INTO `EV...')
#2 /Applications/MAMP/htdocs/tienda_manualidades/system/Database/BaseConnection.php(652): CodeIgniter\Database\BaseConnection->simpleQuery('INSERT INTO `EV...')
#3 /Applications/MAMP/htdocs/tienda_manualidades/system/Database/BaseBuilder.php(2345): CodeIgniter\Database\BaseConnection->query('INSERT INTO `EV...', Array, false)
#4 /Applications/MAMP/htdocs/tienda_manualidades/system/Model.php(394): CodeIgniter\Database\BaseBuilder->insert()
#5 /Applications/MAMP/htdocs/tienda_manualidades/system/BaseModel.php(839): CodeIgniter\Model->doInsert(Array)
#6 /Applications/MAMP/htdocs/tienda_manualidades/system/Model.php(800): CodeIgniter\BaseModel->insert(Array, true)
#7 /Applications/MAMP/htdocs/tienda_manualidades/app/Controllers/EventoController.php(47): CodeIgniter\Model->insert(Array)
#8 /Applications/MAMP/htdocs/tienda_manualidades/system/CodeIgniter.php(933): App\Controllers\EventoController->anadirEvento()
#9 /Applications/MAMP/htdocs/tienda_manualidades/system/CodeIgniter.php(507): CodeIgniter\CodeIgniter->runController(Object(App\Controllers\EventoController))
#10 /Applications/MAMP/htdocs/tienda_manualidades/system/CodeIgniter.php(354): CodeIgniter\CodeIgniter->handleRequest(NULL, Object(Config\Cache), false)
#11 /Applications/MAMP/htdocs/tienda_manualidades/system/Boot.php(334): CodeIgniter\CodeIgniter->run()
#12 /Applications/MAMP/htdocs/tienda_manualidades/system/Boot.php(67): CodeIgniter\Boot::runCodeIgniter(Object(CodeIgniter\CodeIgniter))
#13 /Applications/MAMP/htdocs/tienda_manualidades/public/index.php(56): CodeIgniter\Boot::bootWeb(Object(Config\Paths))
#14 {main}
CRITICAL - 2025-02-26 13:52:38 --> CodeIgniter\Database\Exceptions\DatabaseException: Column 'FECHA_INICIO' cannot be null
[Method: POST, Route: eventos/anadir]
in SYSTEMPATH/Database/BaseConnection.php on line 692.
 1 SYSTEMPATH/Database/BaseBuilder.php(2345): CodeIgniter\Database\BaseConnection->query('INSERT INTO `EVENTO` (`TITULO`, `FECHA_INICIO`, `FECHA_FINAL`, `DESCRIPCION_ES`, `created_at`, `updated_at`) VALUES (:TITULO:, :FECHA_INICIO:, :FECHA_FINAL:, :DESCRIPCION_ES:, :created_at:, :updated_at:)', [...], false)
 2 SYSTEMPATH/Model.php(394): CodeIgniter\Database\BaseBuilder->insert()
 3 SYSTEMPATH/BaseModel.php(839): CodeIgniter\Model->doInsert([...])
 4 SYSTEMPATH/Model.php(800): CodeIgniter\BaseModel->insert([...], true)
 5 APPPATH/Controllers/EventoController.php(47): CodeIgniter\Model->insert([...])
 6 SYSTEMPATH/CodeIgniter.php(933): App\Controllers\EventoController->anadirEvento()
 7 SYSTEMPATH/CodeIgniter.php(507): CodeIgniter\CodeIgniter->runController(Object(App\Controllers\EventoController))
 8 SYSTEMPATH/CodeIgniter.php(354): CodeIgniter\CodeIgniter->handleRequest(null, Object(Config\Cache), false)
 9 SYSTEMPATH/Boot.php(334): CodeIgniter\CodeIgniter->run()
10 SYSTEMPATH/Boot.php(67): CodeIgniter\Boot::runCodeIgniter(Object(CodeIgniter\CodeIgniter))
11 FCPATH/index.php(56): CodeIgniter\Boot::bootWeb(Object(Config\Paths))
CRITICAL - 2025-02-26 13:52:38 --> [Caused by] CodeIgniter\Database\Exceptions\DatabaseException: Column 'FECHA_INICIO' cannot be null
in SYSTEMPATH/Database/MySQLi/Connection.php on line 332.
 1 SYSTEMPATH/Database/BaseConnection.php(738): CodeIgniter\Database\MySQLi\Connection->execute('INSERT INTO `EVENTO` (`TITULO`, `FECHA_INICIO`, `FECHA_FINAL`, `DESCRIPCION_ES`, `created_at`, `updated_at`) VALUES (\'jkasdjkasjds\', NULL, NULL, \'jkadjkaldjlkasd\\n\', \'2025-02-26 13:52:38\', \'2025-02-26 13:52:38\')')
 2 SYSTEMPATH/Database/BaseConnection.php(652): CodeIgniter\Database\BaseConnection->simpleQuery('INSERT INTO `EVENTO` (`TITULO`, `FECHA_INICIO`, `FECHA_FINAL`, `DESCRIPCION_ES`, `created_at`, `updated_at`) VALUES (\'jkasdjkasjds\', NULL, NULL, \'jkadjkaldjlkasd\\n\', \'2025-02-26 13:52:38\', \'2025-02-26 13:52:38\')')
 3 SYSTEMPATH/Database/BaseBuilder.php(2345): CodeIgniter\Database\BaseConnection->query('INSERT INTO `EVENTO` (`TITULO`, `FECHA_INICIO`, `FECHA_FINAL`, `DESCRIPCION_ES`, `created_at`, `updated_at`) VALUES (:TITULO:, :FECHA_INICIO:, :FECHA_FINAL:, :DESCRIPCION_ES:, :created_at:, :updated_at:)', [...], false)
 4 SYSTEMPATH/Model.php(394): CodeIgniter\Database\BaseBuilder->insert()
 5 SYSTEMPATH/BaseModel.php(839): CodeIgniter\Model->doInsert([...])
 6 SYSTEMPATH/Model.php(800): CodeIgniter\BaseModel->insert([...], true)
 7 APPPATH/Controllers/EventoController.php(47): CodeIgniter\Model->insert([...])
 8 SYSTEMPATH/CodeIgniter.php(933): App\Controllers\EventoController->anadirEvento()
 9 SYSTEMPATH/CodeIgniter.php(507): CodeIgniter\CodeIgniter->runController(Object(App\Controllers\EventoController))
10 SYSTEMPATH/CodeIgniter.php(354): CodeIgniter\CodeIgniter->handleRequest(null, Object(Config\Cache), false)
11 SYSTEMPATH/Boot.php(334): CodeIgniter\CodeIgniter->run()
12 SYSTEMPATH/Boot.php(67): CodeIgniter\Boot::runCodeIgniter(Object(CodeIgniter\CodeIgniter))
13 FCPATH/index.php(56): CodeIgniter\Boot::bootWeb(Object(Config\Paths))
CRITICAL - 2025-02-26 13:52:38 --> [Caused by] mysqli_sql_exception: Column 'FECHA_INICIO' cannot be null
in SYSTEMPATH/Database/MySQLi/Connection.php on line 327.
 1 SYSTEMPATH/Database/MySQLi/Connection.php(327): mysqli->query('INSERT INTO `EVENTO` (`TITULO`, `FECHA_INICIO`, `FECHA_FINAL`, `DESCRIPCION_ES`, `created_at`, `updated_at`) VALUES (\'jkasdjkasjds\', NULL, NULL, \'jkadjkaldjlkasd\\n\', \'2025-02-26 13:52:38\', \'2025-02-26 13:52:38\')', 0)
 2 SYSTEMPATH/Database/BaseConnection.php(738): CodeIgniter\Database\MySQLi\Connection->execute('INSERT INTO `EVENTO` (`TITULO`, `FECHA_INICIO`, `FECHA_FINAL`, `DESCRIPCION_ES`, `created_at`, `updated_at`) VALUES (\'jkasdjkasjds\', NULL, NULL, \'jkadjkaldjlkasd\\n\', \'2025-02-26 13:52:38\', \'2025-02-26 13:52:38\')')
 3 SYSTEMPATH/Database/BaseConnection.php(652): CodeIgniter\Database\BaseConnection->simpleQuery('INSERT INTO `EVENTO` (`TITULO`, `FECHA_INICIO`, `FECHA_FINAL`, `DESCRIPCION_ES`, `created_at`, `updated_at`) VALUES (\'jkasdjkasjds\', NULL, NULL, \'jkadjkaldjlkasd\\n\', \'2025-02-26 13:52:38\', \'2025-02-26 13:52:38\')')
 4 SYSTEMPATH/Database/BaseBuilder.php(2345): CodeIgniter\Database\BaseConnection->query('INSERT INTO `EVENTO` (`TITULO`, `FECHA_INICIO`, `FECHA_FINAL`, `DESCRIPCION_ES`, `created_at`, `updated_at`) VALUES (:TITULO:, :FECHA_INICIO:, :FECHA_FINAL:, :DESCRIPCION_ES:, :created_at:, :updated_at:)', [...], false)
 5 SYSTEMPATH/Model.php(394): CodeIgniter\Database\BaseBuilder->insert()
 6 SYSTEMPATH/BaseModel.php(839): CodeIgniter\Model->doInsert([...])
 7 SYSTEMPATH/Model.php(800): CodeIgniter\BaseModel->insert([...], true)
 8 APPPATH/Controllers/EventoController.php(47): CodeIgniter\Model->insert([...])
 9 SYSTEMPATH/CodeIgniter.php(933): App\Controllers\EventoController->anadirEvento()
10 SYSTEMPATH/CodeIgniter.php(507): CodeIgniter\CodeIgniter->runController(Object(App\Controllers\EventoController))
11 SYSTEMPATH/CodeIgniter.php(354): CodeIgniter\CodeIgniter->handleRequest(null, Object(Config\Cache), false)
12 SYSTEMPATH/Boot.php(334): CodeIgniter\CodeIgniter->run()
13 SYSTEMPATH/Boot.php(67): CodeIgniter\Boot::runCodeIgniter(Object(CodeIgniter\CodeIgniter))
14 FCPATH/index.php(56): CodeIgniter\Boot::bootWeb(Object(Config\Paths))
ERROR - 2025-02-26 14:00:33 --> mysqli_sql_exception: Column 'FECHA_INICIO' cannot be null in /Applications/MAMP/htdocs/tienda_manualidades/system/Database/MySQLi/Connection.php:327
Stack trace:
#0 /Applications/MAMP/htdocs/tienda_manualidades/system/Database/MySQLi/Connection.php(327): mysqli->query('INSERT INTO `EV...', 0)
#1 /Applications/MAMP/htdocs/tienda_manualidades/system/Database/BaseConnection.php(738): CodeIgniter\Database\MySQLi\Connection->execute('INSERT INTO `EV...')
#2 /Applications/MAMP/htdocs/tienda_manualidades/system/Database/BaseConnection.php(652): CodeIgniter\Database\BaseConnection->simpleQuery('INSERT INTO `EV...')
#3 /Applications/MAMP/htdocs/tienda_manualidades/system/Database/BaseBuilder.php(2345): CodeIgniter\Database\BaseConnection->query('INSERT INTO `EV...', Array, false)
#4 /Applications/MAMP/htdocs/tienda_manualidades/system/Model.php(394): CodeIgniter\Database\BaseBuilder->insert()
#5 /Applications/MAMP/htdocs/tienda_manualidades/system/BaseModel.php(839): CodeIgniter\Model->doInsert(Array)
#6 /Applications/MAMP/htdocs/tienda_manualidades/system/Model.php(800): CodeIgniter\BaseModel->insert(Array, true)
#7 /Applications/MAMP/htdocs/tienda_manualidades/app/Controllers/EventoController.php(53): CodeIgniter\Model->insert(Array)
#8 /Applications/MAMP/htdocs/tienda_manualidades/system/CodeIgniter.php(933): App\Controllers\EventoController->anadirEvento()
#9 /Applications/MAMP/htdocs/tienda_manualidades/system/CodeIgniter.php(507): CodeIgniter\CodeIgniter->runController(Object(App\Controllers\EventoController))
#10 /Applications/MAMP/htdocs/tienda_manualidades/system/CodeIgniter.php(354): CodeIgniter\CodeIgniter->handleRequest(NULL, Object(Config\Cache), false)
#11 /Applications/MAMP/htdocs/tienda_manualidades/system/Boot.php(334): CodeIgniter\CodeIgniter->run()
#12 /Applications/MAMP/htdocs/tienda_manualidades/system/Boot.php(67): CodeIgniter\Boot::runCodeIgniter(Object(CodeIgniter\CodeIgniter))
#13 /Applications/MAMP/htdocs/tienda_manualidades/public/index.php(56): CodeIgniter\Boot::bootWeb(Object(Config\Paths))
#14 {main}
CRITICAL - 2025-02-26 14:00:33 --> CodeIgniter\Database\Exceptions\DatabaseException: Column 'FECHA_INICIO' cannot be null
[Method: POST, Route: eventos/anadir]
in SYSTEMPATH/Database/BaseConnection.php on line 692.
 1 SYSTEMPATH/Database/BaseBuilder.php(2345): CodeIgniter\Database\BaseConnection->query('INSERT INTO `EVENTO` (`TITULO`, `FECHA_INICIO`, `FECHA_FINAL`, `DESCRIPCION_ES`, `created_at`, `updated_at`) VALUES (:TITULO:, :FECHA_INICIO:, :FECHA_FINAL:, :DESCRIPCION_ES:, :created_at:, :updated_at:)', [...], false)
 2 SYSTEMPATH/Model.php(394): CodeIgniter\Database\BaseBuilder->insert()
 3 SYSTEMPATH/BaseModel.php(839): CodeIgniter\Model->doInsert([...])
 4 SYSTEMPATH/Model.php(800): CodeIgniter\BaseModel->insert([...], true)
 5 APPPATH/Controllers/EventoController.php(53): CodeIgniter\Model->insert([...])
 6 SYSTEMPATH/CodeIgniter.php(933): App\Controllers\EventoController->anadirEvento()
 7 SYSTEMPATH/CodeIgniter.php(507): CodeIgniter\CodeIgniter->runController(Object(App\Controllers\EventoController))
 8 SYSTEMPATH/CodeIgniter.php(354): CodeIgniter\CodeIgniter->handleRequest(null, Object(Config\Cache), false)
 9 SYSTEMPATH/Boot.php(334): CodeIgniter\CodeIgniter->run()
10 SYSTEMPATH/Boot.php(67): CodeIgniter\Boot::runCodeIgniter(Object(CodeIgniter\CodeIgniter))
11 FCPATH/index.php(56): CodeIgniter\Boot::bootWeb(Object(Config\Paths))
CRITICAL - 2025-02-26 14:00:33 --> [Caused by] CodeIgniter\Database\Exceptions\DatabaseException: Column 'FECHA_INICIO' cannot be null
in SYSTEMPATH/Database/MySQLi/Connection.php on line 332.
 1 SYSTEMPATH/Database/BaseConnection.php(738): CodeIgniter\Database\MySQLi\Connection->execute('INSERT INTO `EVENTO` (`TITULO`, `FECHA_INICIO`, `FECHA_FINAL`, `DESCRIPCION_ES`, `created_at`, `updated_at`) VALUES (\'dkjksadjlasd\', NULL, NULL, \'sdassdsada\', \'2025-02-26 14:00:33\', \'2025-02-26 14:00:33\')')
 2 SYSTEMPATH/Database/BaseConnection.php(652): CodeIgniter\Database\BaseConnection->simpleQuery('INSERT INTO `EVENTO` (`TITULO`, `FECHA_INICIO`, `FECHA_FINAL`, `DESCRIPCION_ES`, `created_at`, `updated_at`) VALUES (\'dkjksadjlasd\', NULL, NULL, \'sdassdsada\', \'2025-02-26 14:00:33\', \'2025-02-26 14:00:33\')')
 3 SYSTEMPATH/Database/BaseBuilder.php(2345): CodeIgniter\Database\BaseConnection->query('INSERT INTO `EVENTO` (`TITULO`, `FECHA_INICIO`, `FECHA_FINAL`, `DESCRIPCION_ES`, `created_at`, `updated_at`) VALUES (:TITULO:, :FECHA_INICIO:, :FECHA_FINAL:, :DESCRIPCION_ES:, :created_at:, :updated_at:)', [...], false)
 4 SYSTEMPATH/Model.php(394): CodeIgniter\Database\BaseBuilder->insert()
 5 SYSTEMPATH/BaseModel.php(839): CodeIgniter\Model->doInsert([...])
 6 SYSTEMPATH/Model.php(800): CodeIgniter\BaseModel->insert([...], true)
 7 APPPATH/Controllers/EventoController.php(53): CodeIgniter\Model->insert([...])
 8 SYSTEMPATH/CodeIgniter.php(933): App\Controllers\EventoController->anadirEvento()
 9 SYSTEMPATH/CodeIgniter.php(507): CodeIgniter\CodeIgniter->runController(Object(App\Controllers\EventoController))
10 SYSTEMPATH/CodeIgniter.php(354): CodeIgniter\CodeIgniter->handleRequest(null, Object(Config\Cache), false)
11 SYSTEMPATH/Boot.php(334): CodeIgniter\CodeIgniter->run()
12 SYSTEMPATH/Boot.php(67): CodeIgniter\Boot::runCodeIgniter(Object(CodeIgniter\CodeIgniter))
13 FCPATH/index.php(56): CodeIgniter\Boot::bootWeb(Object(Config\Paths))
CRITICAL - 2025-02-26 14:00:33 --> [Caused by] mysqli_sql_exception: Column 'FECHA_INICIO' cannot be null
in SYSTEMPATH/Database/MySQLi/Connection.php on line 327.
 1 SYSTEMPATH/Database/MySQLi/Connection.php(327): mysqli->query('INSERT INTO `EVENTO` (`TITULO`, `FECHA_INICIO`, `FECHA_FINAL`, `DESCRIPCION_ES`, `created_at`, `updated_at`) VALUES (\'dkjksadjlasd\', NULL, NULL, \'sdassdsada\', \'2025-02-26 14:00:33\', \'2025-02-26 14:00:33\')', 0)
 2 SYSTEMPATH/Database/BaseConnection.php(738): CodeIgniter\Database\MySQLi\Connection->execute('INSERT INTO `EVENTO` (`TITULO`, `FECHA_INICIO`, `FECHA_FINAL`, `DESCRIPCION_ES`, `created_at`, `updated_at`) VALUES (\'dkjksadjlasd\', NULL, NULL, \'sdassdsada\', \'2025-02-26 14:00:33\', \'2025-02-26 14:00:33\')')
 3 SYSTEMPATH/Database/BaseConnection.php(652): CodeIgniter\Database\BaseConnection->simpleQuery('INSERT INTO `EVENTO` (`TITULO`, `FECHA_INICIO`, `FECHA_FINAL`, `DESCRIPCION_ES`, `created_at`, `updated_at`) VALUES (\'dkjksadjlasd\', NULL, NULL, \'sdassdsada\', \'2025-02-26 14:00:33\', \'2025-02-26 14:00:33\')')
 4 SYSTEMPATH/Database/BaseBuilder.php(2345): CodeIgniter\Database\BaseConnection->query('INSERT INTO `EVENTO` (`TITULO`, `FECHA_INICIO`, `FECHA_FINAL`, `DESCRIPCION_ES`, `created_at`, `updated_at`) VALUES (:TITULO:, :FECHA_INICIO:, :FECHA_FINAL:, :DESCRIPCION_ES:, :created_at:, :updated_at:)', [...], false)
 5 SYSTEMPATH/Model.php(394): CodeIgniter\Database\BaseBuilder->insert()
 6 SYSTEMPATH/BaseModel.php(839): CodeIgniter\Model->doInsert([...])
 7 SYSTEMPATH/Model.php(800): CodeIgniter\BaseModel->insert([...], true)
 8 APPPATH/Controllers/EventoController.php(53): CodeIgniter\Model->insert([...])
 9 SYSTEMPATH/CodeIgniter.php(933): App\Controllers\EventoController->anadirEvento()
10 SYSTEMPATH/CodeIgniter.php(507): CodeIgniter\CodeIgniter->runController(Object(App\Controllers\EventoController))
11 SYSTEMPATH/CodeIgniter.php(354): CodeIgniter\CodeIgniter->handleRequest(null, Object(Config\Cache), false)
12 SYSTEMPATH/Boot.php(334): CodeIgniter\CodeIgniter->run()
13 SYSTEMPATH/Boot.php(67): CodeIgniter\Boot::runCodeIgniter(Object(CodeIgniter\CodeIgniter))
14 FCPATH/index.php(56): CodeIgniter\Boot::bootWeb(Object(Config\Paths))
ERROR - 2025-02-26 14:04:18 --> mysqli_sql_exception: Column 'FECHA_INICIO' cannot be null in /Applications/MAMP/htdocs/tienda_manualidades/system/Database/MySQLi/Connection.php:327
Stack trace:
#0 /Applications/MAMP/htdocs/tienda_manualidades/system/Database/MySQLi/Connection.php(327): mysqli->query('INSERT INTO `EV...', 0)
#1 /Applications/MAMP/htdocs/tienda_manualidades/system/Database/BaseConnection.php(738): CodeIgniter\Database\MySQLi\Connection->execute('INSERT INTO `EV...')
#2 /Applications/MAMP/htdocs/tienda_manualidades/system/Database/BaseConnection.php(652): CodeIgniter\Database\BaseConnection->simpleQuery('INSERT INTO `EV...')
#3 /Applications/MAMP/htdocs/tienda_manualidades/system/Database/BaseBuilder.php(2345): CodeIgniter\Database\BaseConnection->query('INSERT INTO `EV...', Array, false)
#4 /Applications/MAMP/htdocs/tienda_manualidades/system/Model.php(394): CodeIgniter\Database\BaseBuilder->insert()
#5 /Applications/MAMP/htdocs/tienda_manualidades/system/BaseModel.php(839): CodeIgniter\Model->doInsert(Array)
#6 /Applications/MAMP/htdocs/tienda_manualidades/system/Model.php(800): CodeIgniter\BaseModel->insert(Array, true)
#7 /Applications/MAMP/htdocs/tienda_manualidades/app/Controllers/EventoController.php(53): CodeIgniter\Model->insert(Array)
#8 /Applications/MAMP/htdocs/tienda_manualidades/system/CodeIgniter.php(933): App\Controllers\EventoController->anadirEvento()
#9 /Applications/MAMP/htdocs/tienda_manualidades/system/CodeIgniter.php(507): CodeIgniter\CodeIgniter->runController(Object(App\Controllers\EventoController))
#10 /Applications/MAMP/htdocs/tienda_manualidades/system/CodeIgniter.php(354): CodeIgniter\CodeIgniter->handleRequest(NULL, Object(Config\Cache), false)
#11 /Applications/MAMP/htdocs/tienda_manualidades/system/Boot.php(334): CodeIgniter\CodeIgniter->run()
#12 /Applications/MAMP/htdocs/tienda_manualidades/system/Boot.php(67): CodeIgniter\Boot::runCodeIgniter(Object(CodeIgniter\CodeIgniter))
#13 /Applications/MAMP/htdocs/tienda_manualidades/public/index.php(56): CodeIgniter\Boot::bootWeb(Object(Config\Paths))
#14 {main}
CRITICAL - 2025-02-26 14:04:18 --> CodeIgniter\Database\Exceptions\DatabaseException: Column 'FECHA_INICIO' cannot be null
[Method: POST, Route: eventos/anadir]
in SYSTEMPATH/Database/BaseConnection.php on line 692.
 1 SYSTEMPATH/Database/BaseBuilder.php(2345): CodeIgniter\Database\BaseConnection->query('INSERT INTO `EVENTO` (`TITULO`, `FECHA_INICIO`, `FECHA_FINAL`, `DESCRIPCION_ES`, `created_at`, `updated_at`) VALUES (:TITULO:, :FECHA_INICIO:, :FECHA_FINAL:, :DESCRIPCION_ES:, :created_at:, :updated_at:)', [...], false)
 2 SYSTEMPATH/Model.php(394): CodeIgniter\Database\BaseBuilder->insert()
 3 SYSTEMPATH/BaseModel.php(839): CodeIgniter\Model->doInsert([...])
 4 SYSTEMPATH/Model.php(800): CodeIgniter\BaseModel->insert([...], true)
 5 APPPATH/Controllers/EventoController.php(53): CodeIgniter\Model->insert([...])
 6 SYSTEMPATH/CodeIgniter.php(933): App\Controllers\EventoController->anadirEvento()
 7 SYSTEMPATH/CodeIgniter.php(507): CodeIgniter\CodeIgniter->runController(Object(App\Controllers\EventoController))
 8 SYSTEMPATH/CodeIgniter.php(354): CodeIgniter\CodeIgniter->handleRequest(null, Object(Config\Cache), false)
 9 SYSTEMPATH/Boot.php(334): CodeIgniter\CodeIgniter->run()
10 SYSTEMPATH/Boot.php(67): CodeIgniter\Boot::runCodeIgniter(Object(CodeIgniter\CodeIgniter))
11 FCPATH/index.php(56): CodeIgniter\Boot::bootWeb(Object(Config\Paths))
CRITICAL - 2025-02-26 14:04:18 --> [Caused by] CodeIgniter\Database\Exceptions\DatabaseException: Column 'FECHA_INICIO' cannot be null
in SYSTEMPATH/Database/MySQLi/Connection.php on line 332.
 1 SYSTEMPATH/Database/BaseConnection.php(738): CodeIgniter\Database\MySQLi\Connection->execute('INSERT INTO `EVENTO` (`TITULO`, `FECHA_INICIO`, `FECHA_FINAL`, `DESCRIPCION_ES`, `created_at`, `updated_at`) VALUES (\'dsadassadsas\', NULL, NULL, \'adsadadadada\', \'2025-02-26 14:04:18\', \'2025-02-26 14:04:18\')')
 2 SYSTEMPATH/Database/BaseConnection.php(652): CodeIgniter\Database\BaseConnection->simpleQuery('INSERT INTO `EVENTO` (`TITULO`, `FECHA_INICIO`, `FECHA_FINAL`, `DESCRIPCION_ES`, `created_at`, `updated_at`) VALUES (\'dsadassadsas\', NULL, NULL, \'adsadadadada\', \'2025-02-26 14:04:18\', \'2025-02-26 14:04:18\')')
 3 SYSTEMPATH/Database/BaseBuilder.php(2345): CodeIgniter\Database\BaseConnection->query('INSERT INTO `EVENTO` (`TITULO`, `FECHA_INICIO`, `FECHA_FINAL`, `DESCRIPCION_ES`, `created_at`, `updated_at`) VALUES (:TITULO:, :FECHA_INICIO:, :FECHA_FINAL:, :DESCRIPCION_ES:, :created_at:, :updated_at:)', [...], false)
 4 SYSTEMPATH/Model.php(394): CodeIgniter\Database\BaseBuilder->insert()
 5 SYSTEMPATH/BaseModel.php(839): CodeIgniter\Model->doInsert([...])
 6 SYSTEMPATH/Model.php(800): CodeIgniter\BaseModel->insert([...], true)
 7 APPPATH/Controllers/EventoController.php(53): CodeIgniter\Model->insert([...])
 8 SYSTEMPATH/CodeIgniter.php(933): App\Controllers\EventoController->anadirEvento()
 9 SYSTEMPATH/CodeIgniter.php(507): CodeIgniter\CodeIgniter->runController(Object(App\Controllers\EventoController))
10 SYSTEMPATH/CodeIgniter.php(354): CodeIgniter\CodeIgniter->handleRequest(null, Object(Config\Cache), false)
11 SYSTEMPATH/Boot.php(334): CodeIgniter\CodeIgniter->run()
12 SYSTEMPATH/Boot.php(67): CodeIgniter\Boot::runCodeIgniter(Object(CodeIgniter\CodeIgniter))
13 FCPATH/index.php(56): CodeIgniter\Boot::bootWeb(Object(Config\Paths))
CRITICAL - 2025-02-26 14:04:18 --> [Caused by] mysqli_sql_exception: Column 'FECHA_INICIO' cannot be null
in SYSTEMPATH/Database/MySQLi/Connection.php on line 327.
 1 SYSTEMPATH/Database/MySQLi/Connection.php(327): mysqli->query('INSERT INTO `EVENTO` (`TITULO`, `FECHA_INICIO`, `FECHA_FINAL`, `DESCRIPCION_ES`, `created_at`, `updated_at`) VALUES (\'dsadassadsas\', NULL, NULL, \'adsadadadada\', \'2025-02-26 14:04:18\', \'2025-02-26 14:04:18\')', 0)
 2 SYSTEMPATH/Database/BaseConnection.php(738): CodeIgniter\Database\MySQLi\Connection->execute('INSERT INTO `EVENTO` (`TITULO`, `FECHA_INICIO`, `FECHA_FINAL`, `DESCRIPCION_ES`, `created_at`, `updated_at`) VALUES (\'dsadassadsas\', NULL, NULL, \'adsadadadada\', \'2025-02-26 14:04:18\', \'2025-02-26 14:04:18\')')
 3 SYSTEMPATH/Database/BaseConnection.php(652): CodeIgniter\Database\BaseConnection->simpleQuery('INSERT INTO `EVENTO` (`TITULO`, `FECHA_INICIO`, `FECHA_FINAL`, `DESCRIPCION_ES`, `created_at`, `updated_at`) VALUES (\'dsadassadsas\', NULL, NULL, \'adsadadadada\', \'2025-02-26 14:04:18\', \'2025-02-26 14:04:18\')')
 4 SYSTEMPATH/Database/BaseBuilder.php(2345): CodeIgniter\Database\BaseConnection->query('INSERT INTO `EVENTO` (`TITULO`, `FECHA_INICIO`, `FECHA_FINAL`, `DESCRIPCION_ES`, `created_at`, `updated_at`) VALUES (:TITULO:, :FECHA_INICIO:, :FECHA_FINAL:, :DESCRIPCION_ES:, :created_at:, :updated_at:)', [...], false)
 5 SYSTEMPATH/Model.php(394): CodeIgniter\Database\BaseBuilder->insert()
 6 SYSTEMPATH/BaseModel.php(839): CodeIgniter\Model->doInsert([...])
 7 SYSTEMPATH/Model.php(800): CodeIgniter\BaseModel->insert([...], true)
 8 APPPATH/Controllers/EventoController.php(53): CodeIgniter\Model->insert([...])
 9 SYSTEMPATH/CodeIgniter.php(933): App\Controllers\EventoController->anadirEvento()
10 SYSTEMPATH/CodeIgniter.php(507): CodeIgniter\CodeIgniter->runController(Object(App\Controllers\EventoController))
11 SYSTEMPATH/CodeIgniter.php(354): CodeIgniter\CodeIgniter->handleRequest(null, Object(Config\Cache), false)
12 SYSTEMPATH/Boot.php(334): CodeIgniter\CodeIgniter->run()
13 SYSTEMPATH/Boot.php(67): CodeIgniter\Boot::runCodeIgniter(Object(CodeIgniter\CodeIgniter))
14 FCPATH/index.php(56): CodeIgniter\Boot::bootWeb(Object(Config\Paths))
ERROR - 2025-02-26 14:04:56 --> mysqli_sql_exception: Column 'FECHA_INICIO' cannot be null in /Applications/MAMP/htdocs/tienda_manualidades/system/Database/MySQLi/Connection.php:327
Stack trace:
#0 /Applications/MAMP/htdocs/tienda_manualidades/system/Database/MySQLi/Connection.php(327): mysqli->query('INSERT INTO `EV...', 0)
#1 /Applications/MAMP/htdocs/tienda_manualidades/system/Database/BaseConnection.php(738): CodeIgniter\Database\MySQLi\Connection->execute('INSERT INTO `EV...')
#2 /Applications/MAMP/htdocs/tienda_manualidades/system/Database/BaseConnection.php(652): CodeIgniter\Database\BaseConnection->simpleQuery('INSERT INTO `EV...')
#3 /Applications/MAMP/htdocs/tienda_manualidades/system/Database/BaseBuilder.php(2345): CodeIgniter\Database\BaseConnection->query('INSERT INTO `EV...', Array, false)
#4 /Applications/MAMP/htdocs/tienda_manualidades/system/Model.php(394): CodeIgniter\Database\BaseBuilder->insert()
#5 /Applications/MAMP/htdocs/tienda_manualidades/system/BaseModel.php(839): CodeIgniter\Model->doInsert(Array)
#6 /Applications/MAMP/htdocs/tienda_manualidades/system/Model.php(800): CodeIgniter\BaseModel->insert(Array, true)
#7 /Applications/MAMP/htdocs/tienda_manualidades/app/Controllers/EventoController.php(53): CodeIgniter\Model->insert(Array)
#8 /Applications/MAMP/htdocs/tienda_manualidades/system/CodeIgniter.php(933): App\Controllers\EventoController->anadirEvento()
#9 /Applications/MAMP/htdocs/tienda_manualidades/system/CodeIgniter.php(507): CodeIgniter\CodeIgniter->runController(Object(App\Controllers\EventoController))
#10 /Applications/MAMP/htdocs/tienda_manualidades/system/CodeIgniter.php(354): CodeIgniter\CodeIgniter->handleRequest(NULL, Object(Config\Cache), false)
#11 /Applications/MAMP/htdocs/tienda_manualidades/system/Boot.php(334): CodeIgniter\CodeIgniter->run()
#12 /Applications/MAMP/htdocs/tienda_manualidades/system/Boot.php(67): CodeIgniter\Boot::runCodeIgniter(Object(CodeIgniter\CodeIgniter))
#13 /Applications/MAMP/htdocs/tienda_manualidades/public/index.php(56): CodeIgniter\Boot::bootWeb(Object(Config\Paths))
#14 {main}
CRITICAL - 2025-02-26 14:04:56 --> CodeIgniter\Database\Exceptions\DatabaseException: Column 'FECHA_INICIO' cannot be null
[Method: POST, Route: eventos/anadir]
in SYSTEMPATH/Database/BaseConnection.php on line 692.
 1 SYSTEMPATH/Database/BaseBuilder.php(2345): CodeIgniter\Database\BaseConnection->query('INSERT INTO `EVENTO` (`TITULO`, `FECHA_INICIO`, `FECHA_FINAL`, `DESCRIPCION_ES`, `created_at`, `updated_at`) VALUES (:TITULO:, :FECHA_INICIO:, :FECHA_FINAL:, :DESCRIPCION_ES:, :created_at:, :updated_at:)', [...], false)
 2 SYSTEMPATH/Model.php(394): CodeIgniter\Database\BaseBuilder->insert()
 3 SYSTEMPATH/BaseModel.php(839): CodeIgniter\Model->doInsert([...])
 4 SYSTEMPATH/Model.php(800): CodeIgniter\BaseModel->insert([...], true)
 5 APPPATH/Controllers/EventoController.php(53): CodeIgniter\Model->insert([...])
 6 SYSTEMPATH/CodeIgniter.php(933): App\Controllers\EventoController->anadirEvento()
 7 SYSTEMPATH/CodeIgniter.php(507): CodeIgniter\CodeIgniter->runController(Object(App\Controllers\EventoController))
 8 SYSTEMPATH/CodeIgniter.php(354): CodeIgniter\CodeIgniter->handleRequest(null, Object(Config\Cache), false)
 9 SYSTEMPATH/Boot.php(334): CodeIgniter\CodeIgniter->run()
10 SYSTEMPATH/Boot.php(67): CodeIgniter\Boot::runCodeIgniter(Object(CodeIgniter\CodeIgniter))
11 FCPATH/index.php(56): CodeIgniter\Boot::bootWeb(Object(Config\Paths))
CRITICAL - 2025-02-26 14:04:56 --> [Caused by] CodeIgniter\Database\Exceptions\DatabaseException: Column 'FECHA_INICIO' cannot be null
in SYSTEMPATH/Database/MySQLi/Connection.php on line 332.
 1 SYSTEMPATH/Database/BaseConnection.php(738): CodeIgniter\Database\MySQLi\Connection->execute('INSERT INTO `EVENTO` (`TITULO`, `FECHA_INICIO`, `FECHA_FINAL`, `DESCRIPCION_ES`, `created_at`, `updated_at`) VALUES (\'sdsadasasd\', NULL, NULL, \'dasdasdsadasdas\', \'2025-02-26 14:04:56\', \'2025-02-26 14:04:56\')')
 2 SYSTEMPATH/Database/BaseConnection.php(652): CodeIgniter\Database\BaseConnection->simpleQuery('INSERT INTO `EVENTO` (`TITULO`, `FECHA_INICIO`, `FECHA_FINAL`, `DESCRIPCION_ES`, `created_at`, `updated_at`) VALUES (\'sdsadasasd\', NULL, NULL, \'dasdasdsadasdas\', \'2025-02-26 14:04:56\', \'2025-02-26 14:04:56\')')
 3 SYSTEMPATH/Database/BaseBuilder.php(2345): CodeIgniter\Database\BaseConnection->query('INSERT INTO `EVENTO` (`TITULO`, `FECHA_INICIO`, `FECHA_FINAL`, `DESCRIPCION_ES`, `created_at`, `updated_at`) VALUES (:TITULO:, :FECHA_INICIO:, :FECHA_FINAL:, :DESCRIPCION_ES:, :created_at:, :updated_at:)', [...], false)
 4 SYSTEMPATH/Model.php(394): CodeIgniter\Database\BaseBuilder->insert()
 5 SYSTEMPATH/BaseModel.php(839): CodeIgniter\Model->doInsert([...])
 6 SYSTEMPATH/Model.php(800): CodeIgniter\BaseModel->insert([...], true)
 7 APPPATH/Controllers/EventoController.php(53): CodeIgniter\Model->insert([...])
 8 SYSTEMPATH/CodeIgniter.php(933): App\Controllers\EventoController->anadirEvento()
 9 SYSTEMPATH/CodeIgniter.php(507): CodeIgniter\CodeIgniter->runController(Object(App\Controllers\EventoController))
10 SYSTEMPATH/CodeIgniter.php(354): CodeIgniter\CodeIgniter->handleRequest(null, Object(Config\Cache), false)
11 SYSTEMPATH/Boot.php(334): CodeIgniter\CodeIgniter->run()
12 SYSTEMPATH/Boot.php(67): CodeIgniter\Boot::runCodeIgniter(Object(CodeIgniter\CodeIgniter))
13 FCPATH/index.php(56): CodeIgniter\Boot::bootWeb(Object(Config\Paths))
CRITICAL - 2025-02-26 14:04:56 --> [Caused by] mysqli_sql_exception: Column 'FECHA_INICIO' cannot be null
in SYSTEMPATH/Database/MySQLi/Connection.php on line 327.
 1 SYSTEMPATH/Database/MySQLi/Connection.php(327): mysqli->query('INSERT INTO `EVENTO` (`TITULO`, `FECHA_INICIO`, `FECHA_FINAL`, `DESCRIPCION_ES`, `created_at`, `updated_at`) VALUES (\'sdsadasasd\', NULL, NULL, \'dasdasdsadasdas\', \'2025-02-26 14:04:56\', \'2025-02-26 14:04:56\')', 0)
 2 SYSTEMPATH/Database/BaseConnection.php(738): CodeIgniter\Database\MySQLi\Connection->execute('INSERT INTO `EVENTO` (`TITULO`, `FECHA_INICIO`, `FECHA_FINAL`, `DESCRIPCION_ES`, `created_at`, `updated_at`) VALUES (\'sdsadasasd\', NULL, NULL, \'dasdasdsadasdas\', \'2025-02-26 14:04:56\', \'2025-02-26 14:04:56\')')
 3 SYSTEMPATH/Database/BaseConnection.php(652): CodeIgniter\Database\BaseConnection->simpleQuery('INSERT INTO `EVENTO` (`TITULO`, `FECHA_INICIO`, `FECHA_FINAL`, `DESCRIPCION_ES`, `created_at`, `updated_at`) VALUES (\'sdsadasasd\', NULL, NULL, \'dasdasdsadasdas\', \'2025-02-26 14:04:56\', \'2025-02-26 14:04:56\')')
 4 SYSTEMPATH/Database/BaseBuilder.php(2345): CodeIgniter\Database\BaseConnection->query('INSERT INTO `EVENTO` (`TITULO`, `FECHA_INICIO`, `FECHA_FINAL`, `DESCRIPCION_ES`, `created_at`, `updated_at`) VALUES (:TITULO:, :FECHA_INICIO:, :FECHA_FINAL:, :DESCRIPCION_ES:, :created_at:, :updated_at:)', [...], false)
 5 SYSTEMPATH/Model.php(394): CodeIgniter\Database\BaseBuilder->insert()
 6 SYSTEMPATH/BaseModel.php(839): CodeIgniter\Model->doInsert([...])
 7 SYSTEMPATH/Model.php(800): CodeIgniter\BaseModel->insert([...], true)
 8 APPPATH/Controllers/EventoController.php(53): CodeIgniter\Model->insert([...])
 9 SYSTEMPATH/CodeIgniter.php(933): App\Controllers\EventoController->anadirEvento()
10 SYSTEMPATH/CodeIgniter.php(507): CodeIgniter\CodeIgniter->runController(Object(App\Controllers\EventoController))
11 SYSTEMPATH/CodeIgniter.php(354): CodeIgniter\CodeIgniter->handleRequest(null, Object(Config\Cache), false)
12 SYSTEMPATH/Boot.php(334): CodeIgniter\CodeIgniter->run()
13 SYSTEMPATH/Boot.php(67): CodeIgniter\Boot::runCodeIgniter(Object(CodeIgniter\CodeIgniter))
14 FCPATH/index.php(56): CodeIgniter\Boot::bootWeb(Object(Config\Paths))
ERROR - 2025-02-26 14:05:29 --> mysqli_sql_exception: Column 'FECHA_INICIO' cannot be null in /Applications/MAMP/htdocs/tienda_manualidades/system/Database/MySQLi/Connection.php:327
Stack trace:
#0 /Applications/MAMP/htdocs/tienda_manualidades/system/Database/MySQLi/Connection.php(327): mysqli->query('INSERT INTO `EV...', 0)
#1 /Applications/MAMP/htdocs/tienda_manualidades/system/Database/BaseConnection.php(738): CodeIgniter\Database\MySQLi\Connection->execute('INSERT INTO `EV...')
#2 /Applications/MAMP/htdocs/tienda_manualidades/system/Database/BaseConnection.php(652): CodeIgniter\Database\BaseConnection->simpleQuery('INSERT INTO `EV...')
#3 /Applications/MAMP/htdocs/tienda_manualidades/system/Database/BaseBuilder.php(2345): CodeIgniter\Database\BaseConnection->query('INSERT INTO `EV...', Array, false)
#4 /Applications/MAMP/htdocs/tienda_manualidades/system/Model.php(394): CodeIgniter\Database\BaseBuilder->insert()
#5 /Applications/MAMP/htdocs/tienda_manualidades/system/BaseModel.php(839): CodeIgniter\Model->doInsert(Array)
#6 /Applications/MAMP/htdocs/tienda_manualidades/system/Model.php(800): CodeIgniter\BaseModel->insert(Array, true)
#7 /Applications/MAMP/htdocs/tienda_manualidades/app/Controllers/EventoController.php(53): CodeIgniter\Model->insert(Array)
#8 /Applications/MAMP/htdocs/tienda_manualidades/system/CodeIgniter.php(933): App\Controllers\EventoController->anadirEvento()
#9 /Applications/MAMP/htdocs/tienda_manualidades/system/CodeIgniter.php(507): CodeIgniter\CodeIgniter->runController(Object(App\Controllers\EventoController))
#10 /Applications/MAMP/htdocs/tienda_manualidades/system/CodeIgniter.php(354): CodeIgniter\CodeIgniter->handleRequest(NULL, Object(Config\Cache), false)
#11 /Applications/MAMP/htdocs/tienda_manualidades/system/Boot.php(334): CodeIgniter\CodeIgniter->run()
#12 /Applications/MAMP/htdocs/tienda_manualidades/system/Boot.php(67): CodeIgniter\Boot::runCodeIgniter(Object(CodeIgniter\CodeIgniter))
#13 /Applications/MAMP/htdocs/tienda_manualidades/public/index.php(56): CodeIgniter\Boot::bootWeb(Object(Config\Paths))
#14 {main}
CRITICAL - 2025-02-26 14:05:29 --> CodeIgniter\Database\Exceptions\DatabaseException: Column 'FECHA_INICIO' cannot be null
[Method: POST, Route: eventos/anadir]
in SYSTEMPATH/Database/BaseConnection.php on line 692.
 1 SYSTEMPATH/Database/BaseBuilder.php(2345): CodeIgniter\Database\BaseConnection->query('INSERT INTO `EVENTO` (`TITULO`, `FECHA_INICIO`, `FECHA_FINAL`, `DESCRIPCION_ES`, `created_at`, `updated_at`) VALUES (:TITULO:, :FECHA_INICIO:, :FECHA_FINAL:, :DESCRIPCION_ES:, :created_at:, :updated_at:)', [...], false)
 2 SYSTEMPATH/Model.php(394): CodeIgniter\Database\BaseBuilder->insert()
 3 SYSTEMPATH/BaseModel.php(839): CodeIgniter\Model->doInsert([...])
 4 SYSTEMPATH/Model.php(800): CodeIgniter\BaseModel->insert([...], true)
 5 APPPATH/Controllers/EventoController.php(53): CodeIgniter\Model->insert([...])
 6 SYSTEMPATH/CodeIgniter.php(933): App\Controllers\EventoController->anadirEvento()
 7 SYSTEMPATH/CodeIgniter.php(507): CodeIgniter\CodeIgniter->runController(Object(App\Controllers\EventoController))
 8 SYSTEMPATH/CodeIgniter.php(354): CodeIgniter\CodeIgniter->handleRequest(null, Object(Config\Cache), false)
 9 SYSTEMPATH/Boot.php(334): CodeIgniter\CodeIgniter->run()
10 SYSTEMPATH/Boot.php(67): CodeIgniter\Boot::runCodeIgniter(Object(CodeIgniter\CodeIgniter))
11 FCPATH/index.php(56): CodeIgniter\Boot::bootWeb(Object(Config\Paths))
CRITICAL - 2025-02-26 14:05:29 --> [Caused by] CodeIgniter\Database\Exceptions\DatabaseException: Column 'FECHA_INICIO' cannot be null
in SYSTEMPATH/Database/MySQLi/Connection.php on line 332.
 1 SYSTEMPATH/Database/BaseConnection.php(738): CodeIgniter\Database\MySQLi\Connection->execute('INSERT INTO `EVENTO` (`TITULO`, `FECHA_INICIO`, `FECHA_FINAL`, `DESCRIPCION_ES`, `created_at`, `updated_at`) VALUES (\'sdsadasasd\', NULL, NULL, \'dasdasdsadasdas\', \'2025-02-26 14:05:29\', \'2025-02-26 14:05:29\')')
 2 SYSTEMPATH/Database/BaseConnection.php(652): CodeIgniter\Database\BaseConnection->simpleQuery('INSERT INTO `EVENTO` (`TITULO`, `FECHA_INICIO`, `FECHA_FINAL`, `DESCRIPCION_ES`, `created_at`, `updated_at`) VALUES (\'sdsadasasd\', NULL, NULL, \'dasdasdsadasdas\', \'2025-02-26 14:05:29\', \'2025-02-26 14:05:29\')')
 3 SYSTEMPATH/Database/BaseBuilder.php(2345): CodeIgniter\Database\BaseConnection->query('INSERT INTO `EVENTO` (`TITULO`, `FECHA_INICIO`, `FECHA_FINAL`, `DESCRIPCION_ES`, `created_at`, `updated_at`) VALUES (:TITULO:, :FECHA_INICIO:, :FECHA_FINAL:, :DESCRIPCION_ES:, :created_at:, :updated_at:)', [...], false)
 4 SYSTEMPATH/Model.php(394): CodeIgniter\Database\BaseBuilder->insert()
 5 SYSTEMPATH/BaseModel.php(839): CodeIgniter\Model->doInsert([...])
 6 SYSTEMPATH/Model.php(800): CodeIgniter\BaseModel->insert([...], true)
 7 APPPATH/Controllers/EventoController.php(53): CodeIgniter\Model->insert([...])
 8 SYSTEMPATH/CodeIgniter.php(933): App\Controllers\EventoController->anadirEvento()
 9 SYSTEMPATH/CodeIgniter.php(507): CodeIgniter\CodeIgniter->runController(Object(App\Controllers\EventoController))
10 SYSTEMPATH/CodeIgniter.php(354): CodeIgniter\CodeIgniter->handleRequest(null, Object(Config\Cache), false)
11 SYSTEMPATH/Boot.php(334): CodeIgniter\CodeIgniter->run()
12 SYSTEMPATH/Boot.php(67): CodeIgniter\Boot::runCodeIgniter(Object(CodeIgniter\CodeIgniter))
13 FCPATH/index.php(56): CodeIgniter\Boot::bootWeb(Object(Config\Paths))
CRITICAL - 2025-02-26 14:05:29 --> [Caused by] mysqli_sql_exception: Column 'FECHA_INICIO' cannot be null
in SYSTEMPATH/Database/MySQLi/Connection.php on line 327.
 1 SYSTEMPATH/Database/MySQLi/Connection.php(327): mysqli->query('INSERT INTO `EVENTO` (`TITULO`, `FECHA_INICIO`, `FECHA_FINAL`, `DESCRIPCION_ES`, `created_at`, `updated_at`) VALUES (\'sdsadasasd\', NULL, NULL, \'dasdasdsadasdas\', \'2025-02-26 14:05:29\', \'2025-02-26 14:05:29\')', 0)
 2 SYSTEMPATH/Database/BaseConnection.php(738): CodeIgniter\Database\MySQLi\Connection->execute('INSERT INTO `EVENTO` (`TITULO`, `FECHA_INICIO`, `FECHA_FINAL`, `DESCRIPCION_ES`, `created_at`, `updated_at`) VALUES (\'sdsadasasd\', NULL, NULL, \'dasdasdsadasdas\', \'2025-02-26 14:05:29\', \'2025-02-26 14:05:29\')')
 3 SYSTEMPATH/Database/BaseConnection.php(652): CodeIgniter\Database\BaseConnection->simpleQuery('INSERT INTO `EVENTO` (`TITULO`, `FECHA_INICIO`, `FECHA_FINAL`, `DESCRIPCION_ES`, `created_at`, `updated_at`) VALUES (\'sdsadasasd\', NULL, NULL, \'dasdasdsadasdas\', \'2025-02-26 14:05:29\', \'2025-02-26 14:05:29\')')
 4 SYSTEMPATH/Database/BaseBuilder.php(2345): CodeIgniter\Database\BaseConnection->query('INSERT INTO `EVENTO` (`TITULO`, `FECHA_INICIO`, `FECHA_FINAL`, `DESCRIPCION_ES`, `created_at`, `updated_at`) VALUES (:TITULO:, :FECHA_INICIO:, :FECHA_FINAL:, :DESCRIPCION_ES:, :created_at:, :updated_at:)', [...], false)
 5 SYSTEMPATH/Model.php(394): CodeIgniter\Database\BaseBuilder->insert()
 6 SYSTEMPATH/BaseModel.php(839): CodeIgniter\Model->doInsert([...])
 7 SYSTEMPATH/Model.php(800): CodeIgniter\BaseModel->insert([...], true)
 8 APPPATH/Controllers/EventoController.php(53): CodeIgniter\Model->insert([...])
 9 SYSTEMPATH/CodeIgniter.php(933): App\Controllers\EventoController->anadirEvento()
10 SYSTEMPATH/CodeIgniter.php(507): CodeIgniter\CodeIgniter->runController(Object(App\Controllers\EventoController))
11 SYSTEMPATH/CodeIgniter.php(354): CodeIgniter\CodeIgniter->handleRequest(null, Object(Config\Cache), false)
12 SYSTEMPATH/Boot.php(334): CodeIgniter\CodeIgniter->run()
13 SYSTEMPATH/Boot.php(67): CodeIgniter\Boot::runCodeIgniter(Object(CodeIgniter\CodeIgniter))
14 FCPATH/index.php(56): CodeIgniter\Boot::bootWeb(Object(Config\Paths))
ERROR - 2025-02-26 14:09:26 --> mysqli_sql_exception: Column 'FECHA_INICIO' cannot be null in /Applications/MAMP/htdocs/tienda_manualidades/system/Database/MySQLi/Connection.php:327
Stack trace:
#0 /Applications/MAMP/htdocs/tienda_manualidades/system/Database/MySQLi/Connection.php(327): mysqli->query('INSERT INTO `EV...', 0)
#1 /Applications/MAMP/htdocs/tienda_manualidades/system/Database/BaseConnection.php(738): CodeIgniter\Database\MySQLi\Connection->execute('INSERT INTO `EV...')
#2 /Applications/MAMP/htdocs/tienda_manualidades/system/Database/BaseConnection.php(652): CodeIgniter\Database\BaseConnection->simpleQuery('INSERT INTO `EV...')
#3 /Applications/MAMP/htdocs/tienda_manualidades/system/Database/BaseBuilder.php(2345): CodeIgniter\Database\BaseConnection->query('INSERT INTO `EV...', Array, false)
#4 /Applications/MAMP/htdocs/tienda_manualidades/system/Model.php(394): CodeIgniter\Database\BaseBuilder->insert()
#5 /Applications/MAMP/htdocs/tienda_manualidades/system/BaseModel.php(839): CodeIgniter\Model->doInsert(Array)
#6 /Applications/MAMP/htdocs/tienda_manualidades/system/Model.php(800): CodeIgniter\BaseModel->insert(Array, true)
#7 /Applications/MAMP/htdocs/tienda_manualidades/app/Controllers/EventoController.php(53): CodeIgniter\Model->insert(Array)
#8 /Applications/MAMP/htdocs/tienda_manualidades/system/CodeIgniter.php(933): App\Controllers\EventoController->anadirEvento()
#9 /Applications/MAMP/htdocs/tienda_manualidades/system/CodeIgniter.php(507): CodeIgniter\CodeIgniter->runController(Object(App\Controllers\EventoController))
#10 /Applications/MAMP/htdocs/tienda_manualidades/system/CodeIgniter.php(354): CodeIgniter\CodeIgniter->handleRequest(NULL, Object(Config\Cache), false)
#11 /Applications/MAMP/htdocs/tienda_manualidades/system/Boot.php(334): CodeIgniter\CodeIgniter->run()
#12 /Applications/MAMP/htdocs/tienda_manualidades/system/Boot.php(67): CodeIgniter\Boot::runCodeIgniter(Object(CodeIgniter\CodeIgniter))
#13 /Applications/MAMP/htdocs/tienda_manualidades/public/index.php(56): CodeIgniter\Boot::bootWeb(Object(Config\Paths))
#14 {main}
CRITICAL - 2025-02-26 14:09:26 --> CodeIgniter\Database\Exceptions\DatabaseException: Column 'FECHA_INICIO' cannot be null
[Method: POST, Route: eventos/anadir]
in SYSTEMPATH/Database/BaseConnection.php on line 692.
 1 SYSTEMPATH/Database/BaseBuilder.php(2345): CodeIgniter\Database\BaseConnection->query('INSERT INTO `EVENTO` (`TITULO`, `FECHA_INICIO`, `FECHA_FINAL`, `DESCRIPCION_ES`, `created_at`, `updated_at`) VALUES (:TITULO:, :FECHA_INICIO:, :FECHA_FINAL:, :DESCRIPCION_ES:, :created_at:, :updated_at:)', [...], false)
 2 SYSTEMPATH/Model.php(394): CodeIgniter\Database\BaseBuilder->insert()
 3 SYSTEMPATH/BaseModel.php(839): CodeIgniter\Model->doInsert([...])
 4 SYSTEMPATH/Model.php(800): CodeIgniter\BaseModel->insert([...], true)
 5 APPPATH/Controllers/EventoController.php(53): CodeIgniter\Model->insert([...])
 6 SYSTEMPATH/CodeIgniter.php(933): App\Controllers\EventoController->anadirEvento()
 7 SYSTEMPATH/CodeIgniter.php(507): CodeIgniter\CodeIgniter->runController(Object(App\Controllers\EventoController))
 8 SYSTEMPATH/CodeIgniter.php(354): CodeIgniter\CodeIgniter->handleRequest(null, Object(Config\Cache), false)
 9 SYSTEMPATH/Boot.php(334): CodeIgniter\CodeIgniter->run()
10 SYSTEMPATH/Boot.php(67): CodeIgniter\Boot::runCodeIgniter(Object(CodeIgniter\CodeIgniter))
11 FCPATH/index.php(56): CodeIgniter\Boot::bootWeb(Object(Config\Paths))
CRITICAL - 2025-02-26 14:09:26 --> [Caused by] CodeIgniter\Database\Exceptions\DatabaseException: Column 'FECHA_INICIO' cannot be null
in SYSTEMPATH/Database/MySQLi/Connection.php on line 332.
 1 SYSTEMPATH/Database/BaseConnection.php(738): CodeIgniter\Database\MySQLi\Connection->execute('INSERT INTO `EVENTO` (`TITULO`, `FECHA_INICIO`, `FECHA_FINAL`, `DESCRIPCION_ES`, `created_at`, `updated_at`) VALUES (\'jkdsjklasdasd\', NULL, NULL, \'kladjkaJLaskajSS\', \'2025-02-26 14:09:26\', \'2025-02-26 14:09:26\')')
 2 SYSTEMPATH/Database/BaseConnection.php(652): CodeIgniter\Database\BaseConnection->simpleQuery('INSERT INTO `EVENTO` (`TITULO`, `FECHA_INICIO`, `FECHA_FINAL`, `DESCRIPCION_ES`, `created_at`, `updated_at`) VALUES (\'jkdsjklasdasd\', NULL, NULL, \'kladjkaJLaskajSS\', \'2025-02-26 14:09:26\', \'2025-02-26 14:09:26\')')
 3 SYSTEMPATH/Database/BaseBuilder.php(2345): CodeIgniter\Database\BaseConnection->query('INSERT INTO `EVENTO` (`TITULO`, `FECHA_INICIO`, `FECHA_FINAL`, `DESCRIPCION_ES`, `created_at`, `updated_at`) VALUES (:TITULO:, :FECHA_INICIO:, :FECHA_FINAL:, :DESCRIPCION_ES:, :created_at:, :updated_at:)', [...], false)
 4 SYSTEMPATH/Model.php(394): CodeIgniter\Database\BaseBuilder->insert()
 5 SYSTEMPATH/BaseModel.php(839): CodeIgniter\Model->doInsert([...])
 6 SYSTEMPATH/Model.php(800): CodeIgniter\BaseModel->insert([...], true)
 7 APPPATH/Controllers/EventoController.php(53): CodeIgniter\Model->insert([...])
 8 SYSTEMPATH/CodeIgniter.php(933): App\Controllers\EventoController->anadirEvento()
 9 SYSTEMPATH/CodeIgniter.php(507): CodeIgniter\CodeIgniter->runController(Object(App\Controllers\EventoController))
10 SYSTEMPATH/CodeIgniter.php(354): CodeIgniter\CodeIgniter->handleRequest(null, Object(Config\Cache), false)
11 SYSTEMPATH/Boot.php(334): CodeIgniter\CodeIgniter->run()
12 SYSTEMPATH/Boot.php(67): CodeIgniter\Boot::runCodeIgniter(Object(CodeIgniter\CodeIgniter))
13 FCPATH/index.php(56): CodeIgniter\Boot::bootWeb(Object(Config\Paths))
CRITICAL - 2025-02-26 14:09:26 --> [Caused by] mysqli_sql_exception: Column 'FECHA_INICIO' cannot be null
in SYSTEMPATH/Database/MySQLi/Connection.php on line 327.
 1 SYSTEMPATH/Database/MySQLi/Connection.php(327): mysqli->query('INSERT INTO `EVENTO` (`TITULO`, `FECHA_INICIO`, `FECHA_FINAL`, `DESCRIPCION_ES`, `created_at`, `updated_at`) VALUES (\'jkdsjklasdasd\', NULL, NULL, \'kladjkaJLaskajSS\', \'2025-02-26 14:09:26\', \'2025-02-26 14:09:26\')', 0)
 2 SYSTEMPATH/Database/BaseConnection.php(738): CodeIgniter\Database\MySQLi\Connection->execute('INSERT INTO `EVENTO` (`TITULO`, `FECHA_INICIO`, `FECHA_FINAL`, `DESCRIPCION_ES`, `created_at`, `updated_at`) VALUES (\'jkdsjklasdasd\', NULL, NULL, \'kladjkaJLaskajSS\', \'2025-02-26 14:09:26\', \'2025-02-26 14:09:26\')')
 3 SYSTEMPATH/Database/BaseConnection.php(652): CodeIgniter\Database\BaseConnection->simpleQuery('INSERT INTO `EVENTO` (`TITULO`, `FECHA_INICIO`, `FECHA_FINAL`, `DESCRIPCION_ES`, `created_at`, `updated_at`) VALUES (\'jkdsjklasdasd\', NULL, NULL, \'kladjkaJLaskajSS\', \'2025-02-26 14:09:26\', \'2025-02-26 14:09:26\')')
 4 SYSTEMPATH/Database/BaseBuilder.php(2345): CodeIgniter\Database\BaseConnection->query('INSERT INTO `EVENTO` (`TITULO`, `FECHA_INICIO`, `FECHA_FINAL`, `DESCRIPCION_ES`, `created_at`, `updated_at`) VALUES (:TITULO:, :FECHA_INICIO:, :FECHA_FINAL:, :DESCRIPCION_ES:, :created_at:, :updated_at:)', [...], false)
 5 SYSTEMPATH/Model.php(394): CodeIgniter\Database\BaseBuilder->insert()
 6 SYSTEMPATH/BaseModel.php(839): CodeIgniter\Model->doInsert([...])
 7 SYSTEMPATH/Model.php(800): CodeIgniter\BaseModel->insert([...], true)
 8 APPPATH/Controllers/EventoController.php(53): CodeIgniter\Model->insert([...])
 9 SYSTEMPATH/CodeIgniter.php(933): App\Controllers\EventoController->anadirEvento()
10 SYSTEMPATH/CodeIgniter.php(507): CodeIgniter\CodeIgniter->runController(Object(App\Controllers\EventoController))
11 SYSTEMPATH/CodeIgniter.php(354): CodeIgniter\CodeIgniter->handleRequest(null, Object(Config\Cache), false)
12 SYSTEMPATH/Boot.php(334): CodeIgniter\CodeIgniter->run()
13 SYSTEMPATH/Boot.php(67): CodeIgniter\Boot::runCodeIgniter(Object(CodeIgniter\CodeIgniter))
14 FCPATH/index.php(56): CodeIgniter\Boot::bootWeb(Object(Config\Paths))
